{
  "average_metrics": {
    "binary_dice": 0.8820990687506722,
    "mean_class_dice": 0.6912232390862252,
    "cldice": 0.9292946510425246,
    "hausdorff95": 0.5522019523322518,
    "volumetric_similarity": 0.9095143111146684
  },
  "topcow_ct_002": {
    "binary_dice": 0.7430897387349757,
    "class_dice": {
      "1": 0.7983059819968328,
      "2": 0.5031847133735069,
      "3": 0.12853107344541997,
      "4": 0.6821910558330717,
      "5": 0.7508667657218878,
      "6": 0.5251396648020246,
      "7": 0.7024988213073904,
      "8": 0.577777777745679,
      "11": 0.3216174183504771,
      "12": 0.061950993989542534
    },
    "mean_class_dice": 0.5052064266565832,
    "cldice": 0.879358703218169,
    "hausdorff95": 0.699951171875,
    "volumetric_similarity": 0.7482014388489209
  },
  "topcow_ct_005": {
    "binary_dice": 0.6850773581764481,
    "class_dice": {
      "1": 0.7521367521318072,
      "2": 0.5243619489534833,
      "3": 0.22295081967066918,
      "4": 0.7592190889361783,
      "5": 0.5373029772310427,
      "6": 0.5209377964486774,
      "7": 0.03965107057859119,
      "8": 0.5037313432741841,
      "10": 0.6476190475573697,
      "11": 0.7020648967522037,
      "12": 0.6028334147503526
    },
    "mean_class_dice": 0.528437196025869,
    "cldice": 0.8085218702394374,
    "hausdorff95": 1.411124364702222,
    "volumetric_similarity": 0.6919980036599567
  },
  "topcow_ct_007": {
    "binary_dice": 0.8720102671795169,
    "class_dice": {
      "1": 0.8873846153791546,
      "2": 0.8123359579999191,
      "3": 0.8307926829204971,
      "4": 0.9023423423390907,
      "5": 0.857342657336662,
      "6": 0.9191736136247947,
      "7": 0.8221614227029949,
      "8": 0.8486842104983985,
      "9": 0.8449848024059275,
      "10": 0.0,
      "11": 0.809802876926959,
      "12": 0.8295782784469695
    },
    "mean_class_dice": 0.7803819550484473,
    "cldice": 0.9254352646844192,
    "hausdorff95": 0.544921875,
    "volumetric_similarity": 0.8940613697351534
  },
  "topcow_ct_010": {
    "binary_dice": 0.8878495566594135,
    "class_dice": {
      "1": 0.8573619631836092,
      "2": 0.7341513292396005,
      "3": 0.8622677770604595,
      "4": 0.8819587628843248,
      "5": 0.0,
      "6": 0.9256530475531912,
      "7": 0.8808184143177452,
      "8": 0.3917241379256314,
      "10": 0.7641509433601815,
      "11": 0.8535936113537995,
      "12": 0.8580765639549109
    },
    "mean_class_dice": 0.728159686439405,
    "cldice": 0.9457914878510393,
    "hausdorff95": 0.431640625,
    "volumetric_similarity": 0.8971061093247589
  },
  "topcow_ct_014": {
    "binary_dice": 0.8573264781483131,
    "class_dice": {
      "1": 0.8736740597794247,
      "2": 0.05744680851002716,
      "3": 0.0,
      "4": 0.0,
      "5": 0.0,
      "6": 0.0,
      "7": 0.0,
      "10": 0.6385542168290027,
      "11": 0.10489510489418799,
      "12": 0.009541984732733379,
      "13": 0.46979865770235574
    },
    "mean_class_dice": 0.19581007567706654,
    "cldice": 0.9261550088021724,
    "hausdorff95": 0.552734375,
    "volumetric_similarity": 0.8771575468233566
  },
  "topcow_ct_016": {
    "binary_dice": 0.9404559011499039,
    "class_dice": {
      "1": 0.9034358046983602,
      "2": 0.9460981496303613,
      "3": 0.8951271186393267,
      "4": 0.9353612167255925,
      "5": 0.9393810936797823,
      "6": 0.9240121580490942,
      "7": 0.9366319444403792,
      "10": 0.558558558508238,
      "11": 0.9198640116516763,
      "12": 0.9242819843301816
    },
    "mean_class_dice": 0.8882752040352992,
    "cldice": 0.9618262662832612,
    "hausdorff95": 0.431640625,
    "volumetric_similarity": 0.9992543672773754
  },
  "topcow_ct_020": {
    "binary_dice": 0.9426181391246384,
    "class_dice": {
      "1": 0.9432355723701834,
      "2": 0.9265536723076596,
      "3": 0.9076923076845497,
      "4": 0.9035576510891404,
      "5": 0.9477911646491185,
      "6": 0.9273584905616634,
      "7": 0.9407337723335774,
      "10": 0.5652173912429111,
      "11": 0.9168384879662074,
      "12": 0.8896156990932984
    },
    "mean_class_dice": 0.886859420929831,
    "cldice": 0.969852926820418,
    "hausdorff95": 0.4609375,
    "volumetric_similarity": 0.9885529791605518
  },
  "topcow_ct_024": {
    "binary_dice": 0.8759302572821199,
    "class_dice": {
      "1": 0.8984565393915642,
      "2": 0.8733413751402492,
      "3": 0.889737991261519,
      "4": 0.8774733637713947,
      "5": 0.7096554077082577,
      "6": 0.8936573051407585,
      "7": 0.6036363636336198,
      "10": 0.7947019867286522,
      "11": 0.8100263852189313,
      "12": 0.8877644894163397
    },
    "mean_class_dice": 0.8238451207411286,
    "cldice": 0.9073151551667925,
    "hausdorff95": 0.6380533845862988,
    "volumetric_similarity": 0.9215394429087816
  },
  "topcow_ct_028": {
    "binary_dice": 0.8646041250826876,
    "class_dice": {
      "1": 0.8237547892641404,
      "2": 0.8113975576607098,
      "3": 0.8398523985177871,
      "4": 0.8861712135423981,
      "5": 0.6152466367685415,
      "6": 0.9131571304068744,
      "7": 0.30170648463957883,
      "8": 0.8585858585714042,
      "9": 0.7873303167064556,
      "10": 0.8372093022769064,
      "11": 0.4896214896185005,
      "12": 0.6433628318555604,
      "13": 0.0
    },
    "mean_class_dice": 0.6774920007560659,
    "cldice": 0.8980081874709436,
    "hausdorff95": 0.576171875,
    "volumetric_similarity": 0.8773563983144821
  },
  "topcow_ct_037": {
    "binary_dice": 0.7993100649347946,
    "class_dice": {
      "1": 0.8138593829013306,
      "2": 0.7379528666875205,
      "3": 0.6472369417083753,
      "4": 0.8083353525543777,
      "5": 0.8371501272238004,
      "6": 0.7982225812950955,
      "7": 0.8020969855779679,
      "9": 0.007194244604057761,
      "10": 0.7596899224217294,
      "11": 0.7125683060083331,
      "12": 0.7259213378732552
    },
    "mean_class_dice": 0.695475277168713,
    "cldice": 0.8989352097632608,
    "hausdorff95": 0.6796875,
    "volumetric_similarity": 0.8179788961038961
  },
  "topcow_ct_044": {
    "binary_dice": 0.8967750462589896,
    "class_dice": {
      "1": 0.8459495351869459,
      "2": 0.9072486360022819,
      "3": 0.8877118643973759,
      "4": 0.8366075706716023,
      "5": 0.8609188168605355,
      "6": 0.8828297715516477,
      "7": 0.8813247470020118,
      "9": 0.6821192052754265,
      "10": 0.6416184970912827,
      "11": 0.8334714167288031,
      "12": 0.8824383163963114
    },
    "mean_class_dice": 0.8311125797422023,
    "cldice": 0.9220328512391439,
    "hausdorff95": 0.431640625,
    "volumetric_similarity": 0.9286280729579699
  },
  "topcow_ct_046": {
    "binary_dice": 0.9394820474670772,
    "class_dice": {
      "1": 0.8995098039105452,
      "2": 0.9573170731610029,
      "3": 0.9177215189728208,
      "4": 0.9500209995760185,
      "5": 0.9329660238665477,
      "6": 0.9337770382664433,
      "7": 0.9186923721632969,
      "9": 0.870813397115298,
      "10": 0.90235690232652,
      "11": 0.731436502423793,
      "12": 0.8549971114913056,
      "13": 0.5969645868364761
    },
    "mean_class_dice": 0.8722144441758392,
    "cldice": 0.9540234306055728,
    "hausdorff95": 0.431640625,
    "volumetric_similarity": 0.9922239502332815
  },
  "topcow_ct_059": {
    "binary_dice": 0.8831795479552682,
    "class_dice": {
      "1": 0.8873106060564048,
      "2": 0.9128251939711876,
      "3": 0.7677053824308236,
      "4": 0.9211520302150115,
      "5": 0.895971136494913,
      "6": 0.8633791430857899,
      "7": 0.8709972552567659,
      "8": 0.49999999997549016,
      "10": 0.0,
      "11": 0.7454489355114303,
      "12": 0.7056617922733196
    },
    "mean_class_dice": 0.7336774068428306,
    "cldice": 0.9282790894737825,
    "hausdorff95": 0.3984375,
    "volumetric_similarity": 0.8992635232371117
  },
  "topcow_ct_061": {
    "binary_dice": 0.8826975067581235,
    "class_dice": {
      "1": 0.9070580013912855,
      "2": 0.7166361974340345,
      "3": 0.6994633273640478,