{
  "average_metrics": {
    "binary_dice": 0.7944136512738638,
    "mean_class_dice": 0.38432093350392266,
    "cldice": 0.8503627437089637,
    "hausdorff95": 1.2270472937251458,
    "volumetric_similarity": 0.8131843033897043
  },
  "topcow_ct_002": {
    "binary_dice": 0.744214487299744,
    "class_dice": {
      "1": 0.847826086952515,
      "2": 0.10802469135719117,
      "3": 0.48627138877641757,
      "4": 0.35546651402302387,
      "5": 0.41204588909936884,
      "6": 0.1770519982802877,
      "7": 0.36635141861440346,
      "8": 0.0,
      "10": 0.0,
      "11": 0.31481481481369367,
      "12": 0.29863891112770763
    },
    "mean_class_dice": 0.3060447011858735,
    "cldice": 0.8658062622989026,
    "hausdorff95": 0.699951171875,
    "volumetric_similarity": 0.7559736594543744
  },
  "topcow_ct_005": {
    "binary_dice": 0.6708911687786928,
    "class_dice": {
      "1": 0.8477886272208628,
      "2": 0.27332601536622764,
      "3": 0.3484353106008948,
      "4": 0.3389132821071091,
      "5": 0.37462235649405357,
      "6": 0.2791399471893887,
      "7": 0.07247386759531378,
      "8": 0.0,
      "10": 0.6060606059993878,
      "11": 0.3024344569274231,
      "12": 0.3153526970939818
    },
    "mean_class_dice": 0.3416861060540585,
    "cldice": 0.7794795399099889,
    "hausdorff95": 2.0769645491151865,
    "volumetric_similarity": 0.6819553409776704
  },
  "topcow_ct_007": {
    "binary_dice": 0.7791460898913676,
    "class_dice": {
      "1": 0.8748538011644746,
      "2": 0.08308004052600729,
      "3": 0.5095264017391969,
      "4": 0.5767362103441648,
      "5": 0.6030320044884726,
      "6": 0.07720144752667552,
      "7": 0.15287958115023162,
      "8": 0.0,
      "9": 0.0,
      "11": 0.3380434782590324,
      "12": 0.18472727272592926
    },
    "mean_class_dice": 0.3090982034476532,
    "cldice": 0.8423429959585506,
    "hausdorff95": 1.322973695662186,
    "volumetric_similarity": 0.8149027942739264
  },
  "topcow_ct_010": {
    "binary_dice": 0.8676795987604525,
    "class_dice": {
      "1": 0.9280958721642604,
      "2": 0.25078369905759573,
      "3": 0.45461912479556477,
      "4": 0.5127733026455402,
      "5": 0.0,
      "6": 0.502609173302657,
      "7": 0.44148936169919223,
      "8": 0.0,
      "10": 0.8612440190975481,
      "11": 0.4876210979521657,
      "12": 0.6838709677389941
    },
    "mean_class_dice": 0.46573696531395625,
    "cldice": 0.9058232636339161,
    "hausdorff95": 0.75,
    "volumetric_similarity": 0.8868564685056793
  },
  "topcow_ct_014": {
    "binary_dice": 0.8172598545725054,
    "class_dice": {
      "1": 0.9462571976876559,
      "2": 0.16491228069886119,
      "3": 0.6539343009881289,
      "4": 0.432873274777711,
      "5": 0.5004269854782202,
      "6": 0.3644016837019579,
      "7": 0.15519765739157837,
      "10": 0.5999999999625,
      "11": 0.5080459770056547,
      "12": 0.5398457583501299,
      "13": 0.0
    },
    "mean_class_dice": 0.4423541014583998,
    "cldice": 0.8621223073635228,
    "hausdorff95": 1.0832961638505332,
    "volumetric_similarity": 0.8298890164561806
  },
  "topcow_ct_016": {
    "binary_dice": 0.905520774046155,
    "class_dice": {
      "1": 0.9193548387063074,
      "2": 0.32132424537174953,
      "3": 0.6398009950216925,
      "4": 0.6833675564653661,
      "5": 0.5351875263357135,
      "6": 0.36947791164287674,
      "7": 0.3436650353434276,
      "10": 0.5362318840191136,
      "11": 0.630252100837026,
      "12": 0.594339622638706
    },
    "mean_class_dice": 0.5573001716381979,
    "cldice": 0.9245122321601806,
    "hausdorff95": 0.431640625,
    "volumetric_similarity": 0.9321570859419465
  },
  "topcow_ct_020": {
    "binary_dice": 0.8966759210618318,
    "class_dice": {
      "1": 0.8911917098407116,
      "2": 0.42518397383135587,
      "3": 0.36025998142655286,
      "4": 0.6229712858906898,
      "5": 0.37158469944949085,
      "6": 0.028933092223969867,
      "7": 0.4491620111681658,
      "10": 0.4235294117148789,
      "11": 0.5319148936126685,
      "12": 0.5342679127684248
    },
    "mean_class_dice": 0.463899897192691,
    "cldice": 0.9338317121959177,
    "hausdorff95": 0.4609375,
    "volumetric_similarity": 0.9657087116380281
  },
  "topcow_ct_024": {
    "binary_dice": 0.6956687655023241,
    "class_dice": {
      "1": 0.7975133214849245,
      "2": 0.39361702127136144,
      "3": 0.46540880502819426,
      "4": 0.5734094616616093,
      "5": 0.5225009956171943,
      "6": 0.595278246203224,
      "7": 0.2882582081230481,
      "10": 0.2890173410237562,
      "11": 0.35728676964165695,
      "12": 0.36419753086194945
    },
    "mean_class_dice": 0.46464877009169187,
    "cldice": 0.8045049085506453,
    "hausdorff95": 0.90234375,
    "volumetric_similarity": 0.709661006169306
  },
  "topcow_ct_028": {
    "binary_dice": 0.6925491703499951,
    "class_dice": {
      "1": 0.7842741935404811,
      "2": 0.38748137108504116,
      "3": 0.35876623376332173,
      "4": 0.43397626112598675,
      "5": 0.48191430161111903,
      "6": 0.2375690607723869,
      "7": 0.2146148782079354,
      "8": 0.0,
      "9": 0.0,
      "10": 0.5481481481075445,
      "11": 0.33672857998599925,
      "12": 0.3110555902541471
    },
    "mean_class_dice": 0.34121071820449683,
    "cldice": 0.7763939216648585,
    "hausdorff95": 1.3483001179844285,
    "volumetric_similarity": 0.7027996668588634
  },
  "topcow_ct_037": {
    "binary_dice": 0.6777769455468962,
    "class_dice": {
      "1": 0.8876146788970468,
      "2": 0.4700495993877526,
      "3": 0.12702472293210987,
      "4": 0.5074567508440894,
      "5": 0.5388302972178369,
      "6": 0.14463066418328793,
      "7": 0.1298212605820337,
      "9": 0.0,
      "10": 0.7899159663201751,
      "11": 0.1218781218775131,
      "12": 0.39566192969186365
    },
    "mean_class_dice": 0.37389854472124634,
    "cldice": 0.7705193033776371,
    "hausdorff95": 2.2764557927977647,
    "volumetric_similarity": 0.6911092802037301
  },
  "topcow_ct_044": {
    "binary_dice": 0.8255223037825906,
    "class_dice": {
      "1": 0.7809025506816162,
      "2": 0.27986348122548504,
      "3": 0.5172413793062912,
      "4": 0.3361847733090839,
      "5": 0.537297297294393,
      "6": 0.25285076846676824,
      "7": 0.04155844155790184,
      "9": 0.0,
      "10": 0.04979253111826587,
      "11": 0.49929873772440886,
      "12": 0.5834305717585565
    },
    "mean_class_dice": 0.35258368476752455,
    "cldice": 0.8635407082940735,
    "hausdorff95": 1.1435709495267719,
    "volumetric_similarity": 0.8557312252964426
  },
  "topcow_ct_046": {
    "binary_dice": 0.748086409252638,
    "class_dice": {
      "1": 0.953424657521186,
      "2": 0.19283746556208212,
      "3": 0.29457364340628567,
      "4": 0.48637657584186106,
      "5": 0.7083825265559813,
      "6": 0.44551128180295,
      "7": 0.6545086119487892,
      "9": 0.0,
      "10": 0.5919282510945324,
      "11": 0.47885075817654554,
      "12": 0.4522058823487849,
      "13": 0.0
    },
    "mean_class_dice": 0.4382166378549166,
    "cldice": 0.7743355537546088,
    "hausdorff95": 2.1598509759806506,
    "volumetric_similarity": 0.7519986392243578
  },
  "topcow_ct_059": {
    "binary_dice": 0.7588494526840929,
    "class_dice": {
      "1": 0.8706739526372009,
      "2": 0.1970588235279628,
      "3": 0.4602739726002177,
      "4": 0.5652173913031067,
      "5": 0.4108956602012424,
      "6": 0.25353249898969105,
      "7": 0.020802377414407117,
      "8": 0.0,
      "10": 0.0,
      "11": 0.33358895705393565,
      "12": 0.38656159269852114
    },
    "mean_class_dice": 0.3180550205842078,
    "cldice": 0.8436264472270715,
    "hausdorff95": 0.796875,
    "volumetric_similarity": 0.7676633653982846
  },
  "topcow_ct_061": {
    "binary_dice": 0.7860297069443709,
    "class_dice": {
      "1": 0.7796178343899388,
      "2": 0.1848928974049054,
      "3": 0.3034055727530696,
      "4": 0.39825708060828646,
      "5": 0.5641025640978983,