{
  "average_metrics": {
    "binary_dice": 0.7940987466231992,
    "mean_class_dice": 0.38373246838157726,
    "cldice": 0.8503747425142835,
    "hausdorff95": 1.2223550559493856,
    "volumetric_similarity": 0.8128149279199094
  },
  "topcow_ct_002": {
    "binary_dice": 0.7435993975900115,
    "class_dice": {
      "1": 0.8482269503505995,
      "2": 0.1110254433299073,
      "3": 0.48786311181660225,
      "4": 0.35597592433259967,
      "5": 0.40746054519173863,
      "6": 0.18095648427324018,
      "7": 0.3674280039703703,
      "8": 0.0,
      "10": 0.0,
      "11": 0.31394933999174474,
      "12": 0.3010408326649278
    },
    "mean_class_dice": 0.3067206032656118,
    "cldice": 0.8642257040727733,
    "hausdorff95": 0.699951171875,
    "volumetric_similarity": 0.7552710843373494
  },
  "topcow_ct_005": {
    "binary_dice": 0.6695973154360169,
    "class_dice": {
      "1": 0.8464634847564896,
      "2": 0.2687224669588727,
      "3": 0.347947761192407,
      "4": 0.33823731610018115,
      "5": 0.3744809362009269,
      "6": 0.28018595300882,
      "7": 0.07391910739139528,
      "8": 0.0,
      "10": 0.6060606059993878,
      "11": 0.296470588233899,
      "12": 0.31457564575500657
    },
    "mean_class_dice": 0.34064216959976235,
    "cldice": 0.7790696854308038,
    "hausdorff95": 2.0769645491151865,
    "volumetric_similarity": 0.6808053691275168
  },
  "topcow_ct_007": {
    "binary_dice": 0.7792711133332629,
    "class_dice": {
      "1": 0.8748538011644746,
      "2": 0.08502024291411923,
      "3": 0.5098039215658507,
      "4": 0.5764941378307793,
      "5": 0.6033707865134642,
      "6": 0.07831325301157643,
      "7": 0.15287958115023162,
      "8": 0.0,
      "9": 0.0,
      "11": 0.3380434782590324,
      "12": 0.18604651162655492
    },
    "mean_class_dice": 0.3095296103669167,
    "cldice": 0.8423517850528772,
    "hausdorff95": 1.322973695662186,
    "volumetric_similarity": 0.8149027942739264
  },
  "topcow_ct_010": {
    "binary_dice": 0.8675682321116953,
    "class_dice": {
      "1": 0.9280958721642604,
      "2": 0.24371069182198343,
      "3": 0.4530744336551251,
      "4": 0.5132092809544838,
      "5": 0.0,
      "6": 0.5009633911354227,
      "7": 0.442819148933226,
      "8": 0.0,
      "10": 0.8612440190975481,
      "11": 0.4878836833576312,
      "12": 0.6838709677389941
    },
    "mean_class_dice": 0.4649883171689705,
    "cldice": 0.9055559300379763,
    "hausdorff95": 0.75,
    "volumetric_similarity": 0.8867469879518073
  },
  "topcow_ct_014": {
    "binary_dice": 0.8173730029648738,
    "class_dice": {
      "1": 0.9452449567632543,
      "2": 0.16491228069886119,
      "3": 0.6539343009881289,
      "4": 0.43260188087503076,
      "5": 0.49999999999573386,
      "6": 0.3644016837019579,
      "7": 0.1522693997049448,
      "10": 0.5999999999625,
      "11": 0.501726121973513,
      "12": 0.5359589041050004,
      "13": 0.0
    },
    "mean_class_dice": 0.4410045026153568,
    "cldice": 0.863149214293386,
    "hausdorff95": 1.0832961638505332,
    "volumetric_similarity": 0.8300009566631589
  },
  "topcow_ct_016": {
    "binary_dice": 0.9055615642961772,
    "class_dice": {
      "1": 0.9193548387063074,
      "2": 0.32101167314862833,
      "3": 0.6384462151362628,
      "4": 0.6831072749663663,
      "5": 0.5364210526293204,
      "6": 0.36947791164287674,
      "7": 0.3442265795188223,
      "10": 0.5362318840191136,
      "11": 0.629532317390281,
      "12": 0.5937794533431019
    },
    "mean_class_dice": 0.5571589200501081,
    "cldice": 0.9247551608431206,
    "hausdorff95": 0.431640625,
    "volumetric_similarity": 0.9319747253372801
  },
  "topcow_ct_020": {
    "binary_dice": 0.8967587034807196,
    "class_dice": {
      "1": 0.8911917098407116,
      "2": 0.4276422764192875,
      "3": 0.35854341736359907,
      "4": 0.6231657820773551,
      "5": 0.37295528898175623,
      "6": 0.027149321266722634,
      "7": 0.44792833146194927,
      "10": 0.4235294117148789,
      "11": 0.5343137254858308,
      "12": 0.5342679127684248
    },
    "mean_class_dice": 0.46406871773805164,
    "cldice": 0.9338082932219546,
    "hausdorff95": 0.4609375,
    "volumetric_similarity": 0.9657863145258103
  },
  "topcow_ct_024": {
    "binary_dice": 0.6951211754972997,
    "class_dice": {
      "1": 0.7968056787861864,
      "2": 0.39309428950341174,
      "3": 0.46498599439450294,
      "4": 0.5722425722402432,
      "5": 0.5220500595926816,
      "6": 0.5928118393209606,
      "7": 0.2877858337964987,
      "10": 0.27906976742563544,
      "11": 0.35790884718258775,
      "12": 0.36239950525440695
    },
    "mean_class_dice": 0.4629154387497115,
    "cldice": 0.804744339312711,
    "hausdorff95": 0.90234375,
    "volumetric_similarity": 0.7094968513453342
  },
  "topcow_ct_028": {
    "binary_dice": 0.6923816236299786,
    "class_dice": {
      "1": 0.7842741935404811,
      "2": 0.38839285713996735,
      "3": 0.3577235772328641,
      "4": 0.4336545589309353,
      "5": 0.4816462736346961,
      "6": 0.23513139695603905,
      "7": 0.21357943309022032,
      "8": 0.0,
      "9": 0.0,
      "10": 0.5481481481075445,
      "11": 0.33672857998599925,
      "12": 0.3110555902541471
    },
    "mean_class_dice": 0.3408612174060745,
    "cldice": 0.7763849827471598,
    "hausdorff95": 1.3483001179844285,
    "volumetric_similarity": 0.7026334337156404
  },
  "topcow_ct_037": {
    "binary_dice": 0.677677902621469,
    "class_dice": {
      "1": 0.8876146788970468,
      "2": 0.46946564885317,
      "3": 0.12617220801310242,
      "4": 0.5071542130355581,
      "5": 0.5378957467203778,
      "6": 0.1429015222114231,
      "7": 0.12957746478751572,
      "9": 0.0,
      "10": 0.7899159663201751,
      "11": 0.1228771228765091,
      "12": 0.3958099513640262
    },
    "mean_class_dice": 0.3735804111889914,
    "cldice": 0.7705183774412608,
    "hausdorff95": 2.2764557927977647,
    "volumetric_similarity": 0.6910112359550562
  },
  "topcow_ct_044": {
    "binary_dice": 0.8255223037825906,
    "class_dice": {
      "1": 0.7809025506816162,
      "2": 0.27986348122548504,
      "3": 0.5172413793062912,
      "4": 0.33632862644272005,
      "5": 0.537297297294393,
      "6": 0.253716551039377,
      "7": 0.038961038960532976,
      "9": 0.0,
      "10": 0.04979253111826587,
      "11": 0.49929873772440886,
      "12": 0.5834305717585565
    },
    "mean_class_dice": 0.35243934232287694,
    "cldice": 0.8635407082940735,
    "hausdorff95": 1.1435709495267719,
    "volumetric_similarity": 0.8557312252964426
  },
  "topcow_ct_046": {
    "binary_dice": 0.7484902611203976,
    "class_dice": {
      "1": 0.9532967032836086,
      "2": 0.1917808219151811,
      "3": 0.2866043613662523,
      "4": 0.48354327508946143,
      "5": 0.7007125890653122,
      "6": 0.4431654676237738,
      "7": 0.6491935483805524,
      "9": 0.0,
      "10": 0.5919282510945324,
      "11": 0.47313552525683134,
      "12": 0.45321100917015406,
      "13": 0.0
    },
    "mean_class_dice": 0.4355476293538049,
    "cldice": 0.7744808090115404,
    "hausdorff95": 2.1232959531080144,
    "volumetric_similarity": 0.7518924895806753
  },
  "topcow_ct_059": {
    "binary_dice": 0.7587318136577609,
    "class_dice": {
      "1": 0.870159453298997,
      "2": 0.19676945667990625,
      "3": 0.45858475040889424,
      "4": 0.5646542261238976,
      "5": 0.4108956602012424,
      "6": 0.25212121212019345,
      "7": 0.022271714921883658,
      "8": 0.0,
      "10": 0.0,
      "11": 0.33358895705393565,
      "12": 0.38672199169964017
    },
    "mean_class_dice": 0.3177970384098719,
    "cldice": 0.843406526689486,
    "hausdorff95": 0.796875,
    "volumetric_similarity": 0.7675465617743235
  },
  "topcow_ct_061": {
    "binary_dice": 0.7860297069443709,
    "class_dice": {
      "1": 0.7796178343899388,
      "2": 0.18609865470643386,
      "3": 0.29836829836598006,
      "4": 0.39982578397038404,
      "5": 0.5641025640978983,