{
  "average_metrics": {
    "binary_dice": 0.8824054146313101,
    "mean_class_dice": 0.6915481211806402,
    "cldice": 0.9295608683364562,
    "hausdorff95": 0.5494964068465409,
    "volumetric_similarity": 0.9095113558842901
  },
  "topcow_ct_002": {
    "binary_dice": 0.7427083333329817,
    "class_dice": {
      "1": 0.7974549310668216,
      "2": 0.5009074410140613,
      "3": 0.11923349893456897,
      "4": 0.680042238646568,
      "5": 0.7487636003919448,
      "6": 0.5175479644337035,
      "7": 0.7006610009409789,
      "8": 0.577777777745679,
      "11": 0.3215174129343237,
      "12": 0.05925925925898491
    },
    "mean_class_dice": 0.5023165125367635,
    "cldice": 0.8793450323165687,
    "hausdorff95": 0.699951171875,
    "volumetric_similarity": 0.7477272727272728
  },
  "topcow_ct_005": {
    "binary_dice": 0.6850983132046827,
    "class_dice": {
      "1": 0.7521367521318072,
      "2": 0.5236329935100852,
      "3": 0.21944809461091033,
      "4": 0.7589780670031826,
      "5": 0.5361761621791815,
      "6": 0.521809807639499,
      "7": 0.03653693407437223,
      "8": 0.49812734081464183,
      "10": 0.6476190475573697,
      "11": 0.7009700548262296,
      "12": 0.6021505376314655
    },
    "mean_class_dice": 0.5270532538162495,
    "cldice": 0.8089081523210764,
    "hausdorff95": 1.411124364702222,
    "volumetric_similarity": 0.6920850384269888
  },
  "topcow_ct_007": {
    "binary_dice": 0.8713067850047463,
    "class_dice": {
      "1": 0.887792848329915,
      "2": 0.8123359579999191,
      "3": 0.8287461773636947,
      "4": 0.9023423423390907,
      "5": 0.8557422969127749,
      "6": 0.9183895538595633,
      "7": 0.8199863107404519,
      "8": 0.8486842104983985,
      "9": 0.8449848024059275,
      "10": 0.0,
      "11": 0.8085333333290212,
      "12": 0.8282244071669854
    },
    "mean_class_dice": 0.7796468534121451,
    "cldice": 0.9251039377059249,
    "hausdorff95": 0.544921875,
    "volumetric_similarity": 0.8930281443419362
  },
  "topcow_ct_010": {
    "binary_dice": 0.8885858979349004,
    "class_dice": {
      "1": 0.8556067588259939,
      "2": 0.7337761880391734,
      "3": 0.8626198083011973,
      "4": 0.8822468435947378,
      "5": 0.0,
      "6": 0.9263721552857511,
      "7": 0.8813905930425288,
      "8": 0.38950276242555937,
      "10": 0.7699530516070444,
      "11": 0.8544809228001132,
      "12": 0.8591417910407689
    },
    "mean_class_dice": 0.7286446249966243,
    "cldice": 0.9457942935156501,
    "hausdorff95": 0.431640625,
    "volumetric_similarity": 0.8976431632255552
  },
  "topcow_ct_014": {
    "binary_dice": 0.8566176470580361,
    "class_dice": {
      "1": 0.8753623188321222,
      "2": 0.05122732123744688,
      "3": 0.0,
      "4": 0.0,
      "5": 0.0,
      "6": 0.0,
      "7": 0.0,
      "10": 0.6385542168290027,
      "11": 0.10498687663950143,
      "12": 0.009551098376222053,
      "13": 0.46979865770235574
    },
    "mean_class_dice": 0.19540731723787738,
    "cldice": 0.925289439660976,
    "hausdorff95": 0.552734375,
    "volumetric_similarity": 0.8759191176470589
  },
  "topcow_ct_016": {
    "binary_dice": 0.9408312436637993,
    "class_dice": {
      "1": 0.9033659066199662,
      "2": 0.9460112812171958,
      "3": 0.8944297082180668,
      "4": 0.9347929557309149,
      "5": 0.9418259023314572,
      "6": 0.9239196591544497,
      "7": 0.9359477124142225,
      "10": 0.5454545454049587,
      "11": 0.9226277372217877,
      "12": 0.9246187363794135
    },
    "mean_class_dice": 0.8872994144692432,
    "cldice": 0.9613416433772538,
    "hausdorff95": 0.431640625,
    "volumetric_similarity": 0.9989862882142666
  },
  "topcow_ct_020": {
    "binary_dice": 0.9427648958020672,
    "class_dice": {
      "1": 0.9432355723701834,
      "2": 0.9265536723076596,
      "3": 0.9076923076845497,
      "4": 0.9035576510891404,
      "5": 0.9477911646491185,
      "6": 0.9278642149885532,
      "7": 0.9407337723335774,
      "10": 0.5652173912429111,
      "11": 0.9174690508877754,
      "12": 0.8896156990932984
    },
    "mean_class_dice": 0.8869730496646767,
    "cldice": 0.9701655241236832,
    "hausdorff95": 0.4609375,
    "volumetric_similarity": 0.9885529791605518
  },
  "topcow_ct_024": {
    "binary_dice": 0.875159642400556,
    "class_dice": {
      "1": 0.8921568627378093,
      "2": 0.8733413751402492,
      "3": 0.887308533911995,
      "4": 0.878326996194379,
      "5": 0.7073253833025305,
      "6": 0.8925410872285319,
      "7": 0.5991792065636152,
      "10": 0.7920792078946508,
      "11": 0.8100263852189313,
      "12": 0.8857142857102042
    },
    "mean_class_dice": 0.8217999323902896,
    "cldice": 0.907083149462696,
    "hausdorff95": 0.6380533845862988,
    "volumetric_similarity": 0.9203916560238399
  },
  "topcow_ct_028": {
    "binary_dice": 0.8646041250826876,
    "class_dice": {
      "1": 0.8245445829259392,
      "2": 0.8113975576607098,
      "3": 0.8407079645955701,
      "4": 0.8856470588193617,
      "5": 0.6155913978467044,
      "6": 0.9131571304068744,
      "7": 0.30170648463957883,
      "8": 0.8585858585714042,
      "9": 0.7873303167064556,
      "10": 0.8372093022769064,
      "11": 0.4899205864356144,
      "12": 0.6433628318555604,
      "13": 0.0
    },
    "mean_class_dice": 0.6776277748262062,
    "cldice": 0.8980120203669577,
    "hausdorff95": 0.576171875,
    "volumetric_similarity": 0.8773563983144821
  },
  "topcow_ct_037": {
    "binary_dice": 0.7998241401465048,
    "class_dice": {
      "1": 0.8153574134861952,
      "2": 0.7388400702961728,
      "3": 0.6482602117978508,
      "4": 0.8083353525543777,
      "5": 0.8376231331400139,
      "6": 0.7984652665573537,
      "7": 0.8028814669233604,
      "9": 0.007220216606237537,
      "10": 0.7596899224217294,
      "11": 0.7109004739310576,
      "12": 0.726933830379848
    },
    "mean_class_dice": 0.6958643052812906,
    "cldice": 0.8983498445683681,
    "hausdorff95": 0.6796875,
    "volumetric_similarity": 0.8180188711150191
  },
  "topcow_ct_044": {
    "binary_dice": 0.8959767072519216,
    "class_dice": {
      "1": 0.8463073852239101,
      "2": 0.9079563182456478,
      "3": 0.881789137370801,
      "4": 0.8360498561800765,
      "5": 0.8598484848430565,
      "6": 0.8832412522987726,
      "7": 0.8780036968495565,
      "9": 0.6821192052754265,
      "10": 0.6416184970912827,
      "11": 0.8315352697026429,
      "12": 0.8829787233999856
    },
    "mean_class_dice": 0.8301316205891962,
    "cldice": 0.9232339966679295,
    "hausdorff95": 0.431640625,
    "volumetric_similarity": 0.9272101641079936
  },
  "topcow_ct_046": {
    "binary_dice": 0.9396109159680224,
    "class_dice": {
      "1": 0.8995098039105452,
      "2": 0.9573170731610029,
      "3": 0.9162717219444507,
      "4": 0.950503355700711,
      "5": 0.9346826126868936,
      "6": 0.9325357261517696,
      "7": 0.9180602006612203,
      "9": 0.8712241653279614,
      "10": 0.90235690232652,
      "11": 0.7309292649047786,
      "12": 0.8564841498509713,
      "13": 0.5945945945845508
    },
    "mean_class_dice": 0.8720391309342812,
    "cldice": 0.9542982337455449,
    "hausdorff95": 0.431640625,
    "volumetric_similarity": 0.9912185895703863
  },
  "topcow_ct_059": {
    "binary_dice": 0.8832917072341009,
    "class_dice": {
      "1": 0.8873106060564048,
      "2": 0.9078529278215713,
      "3": 0.7567954220260602,
      "4": 0.9211520302150115,
      "5": 0.895971136494913,
      "6": 0.8630727762779972,
      "7": 0.8743718592924881,
      "8": 0.49999999997549016,
      "10": 0.0,
      "11": 0.7454489355114303,
      "12": 0.7049549549523088
    },
    "mean_class_dice": 0.7324482407839704,
    "cldice": 0.9290218291788851,
    "hausdorff95": 0.3984375,
    "volumetric_similarity": 0.8991237353426745
  },
  "topcow_ct_061": {
    "binary_dice": 0.8827814072231862,
    "class_dice": {
      "1": 0.9070580013912855,
      "2": 0.7166361974340345,
      "3": 0.6994633273640478,