{
  "average_metrics": {
    "binary_dice": 0.8820707515609207,
    "mean_class_dice": 0.691125577669041,
    "cldice": 0.9293028287422557,
    "hausdorff95": 0.5522019523322518,
    "volumetric_similarity": 0.9094675620754127
  },
  "topcow_ct_002": {
    "binary_dice": 0.743149226181673,
    "class_dice": {
      "1": 0.7983059819968328,
      "2": 0.5031847133735069,
      "3": 0.12853107344541997,
      "4": 0.6823591642404593,
      "5": 0.7508667657218878,
      "6": 0.5244527247297417,
      "7": 0.7024988213073904,
      "8": 0.577777777745679,
      "11": 0.3215174129343237,
      "12": 0.06105457909314961
    },
    "mean_class_dice": 0.5050549014588392,
    "cldice": 0.879358703218169,
    "hausdorff95": 0.699951171875,
    "volumetric_similarity": 0.7482606843674571
  },
  "topcow_ct_005": {
    "binary_dice": 0.6846834853222776,
    "class_dice": {
      "1": 0.7521367521318072,
      "2": 0.5241187384020217,
      "3": 0.22178477690143186,
      "4": 0.7594692400473347,
      "5": 0.5369268463404377,
      "6": 0.5224102911299628,
      "7": 0.03809523809493576,
      "8": 0.49812734081464183,
      "10": 0.6476190475573697,
      "11": 0.6998733642857752,
      "12": 0.6014669926620956
    },
    "mean_class_dice": 0.5274571480334377,
    "cldice": 0.8087178640672815,
    "hausdorff95": 1.411124364702222,
    "volumetric_similarity": 0.6916062038208082
  },
  "topcow_ct_007": {
    "binary_dice": 0.8720102671795169,
    "class_dice": {
      "1": 0.8873846153791546,
      "2": 0.8123359579999191,
      "3": 0.8307926829204971,
      "4": 0.9023423423390907,
      "5": 0.857342657336662,
      "6": 0.9187817258849936,
      "7": 0.8215994531727847,
      "8": 0.8486842104983985,
      "9": 0.8449848024059275,
      "10": 0.0,
      "11": 0.809802876926959,
      "12": 0.8295782784469695
    },
    "mean_class_dice": 0.780302466942613,
    "cldice": 0.9254352646844192,
    "hausdorff95": 0.544921875,
    "volumetric_similarity": 0.8940613697351534
  },
  "topcow_ct_010": {
    "binary_dice": 0.8878495566594135,
    "class_dice": {
      "1": 0.8573619631836092,
      "2": 0.7347981604459132,
      "3": 0.8622677770604595,
      "4": 0.8819587628843248,
      "5": 0.0,
      "6": 0.9256530475531912,
      "7": 0.8802456499443181,
      "8": 0.3917241379256314,
      "10": 0.7641509433601815,
      "11": 0.8535936113537995,
      "12": 0.8580765639549109
    },
    "mean_class_dice": 0.7281664197878491,
    "cldice": 0.9457872686055004,
    "hausdorff95": 0.431640625,
    "volumetric_similarity": 0.8971061093247589
  },
  "topcow_ct_014": {
    "binary_dice": 0.8573264781483131,
    "class_dice": {
      "1": 0.8736740597794247,
      "2": 0.05744680851002716,
      "3": 0.0,
      "4": 0.0,
      "5": 0.0,
      "6": 0.0,
      "7": 0.0,
      "10": 0.6385542168290027,
      "11": 0.10489510489418799,
      "12": 0.009541984732733379,
      "13": 0.46979865770235574
    },
    "mean_class_dice": 0.19581007567706654,
    "cldice": 0.9261550088021724,
    "hausdorff95": 0.552734375,
    "volumetric_similarity": 0.8771575468233566
  },
  "topcow_ct_016": {
    "binary_dice": 0.9404559011499039,
    "class_dice": {
      "1": 0.9034358046983602,
      "2": 0.9460981496303613,
      "3": 0.8951271186393267,
      "4": 0.9353612167255925,
      "5": 0.9393810936797823,
      "6": 0.9240121580490942,
      "7": 0.9366319444403792,
      "10": 0.558558558508238,
      "11": 0.9198640116516763,
      "12": 0.9242819843301816
    },
    "mean_class_dice": 0.8882752040352992,
    "cldice": 0.9618262662832612,
    "hausdorff95": 0.431640625,
    "volumetric_similarity": 0.9992543672773754
  },
  "topcow_ct_020": {
    "binary_dice": 0.9425405445065366,
    "class_dice": {
      "1": 0.9432355723701834,
      "2": 0.9255419415558386,
      "3": 0.9076923076845497,
      "4": 0.9035576510891404,
      "5": 0.9477911646491185,
      "6": 0.9273584905616634,
      "7": 0.9407337723335774,
      "10": 0.5652173912429111,
      "11": 0.9168384879662074,
      "12": 0.8896156990932984
    },
    "mean_class_dice": 0.8867582478546489,
    "cldice": 0.9698450313593697,
    "hausdorff95": 0.4609375,
    "volumetric_similarity": 0.9884787554120497
  },
  "topcow_ct_024": {
    "binary_dice": 0.8759302572821199,
    "class_dice": {
      "1": 0.8984565393915642,
      "2": 0.8733413751402492,
      "3": 0.889737991261519,
      "4": 0.8774733637713947,
      "5": 0.7098976109190789,
      "6": 0.8936573051407585,
      "7": 0.6042707860036154,
      "10": 0.7947019867286522,
      "11": 0.8100263852189313,
      "12": 0.8877644894163397
    },
    "mean_class_dice": 0.8239327832992103,
    "cldice": 0.9073151551667925,
    "hausdorff95": 0.6380533845862988,
    "volumetric_similarity": 0.9215394429087816
  },
  "topcow_ct_028": {
    "binary_dice": 0.8646041250826876,
    "class_dice": {
      "1": 0.8237547892641404,
      "2": 0.8113975576607098,
      "3": 0.8398523985177871,
      "4": 0.8861712135423981,
      "5": 0.6152466367685415,
      "6": 0.9131571304068744,
      "7": 0.30170648463957883,
      "8": 0.8585858585714042,
      "9": 0.7873303167064556,
      "10": 0.8372093022769064,
      "11": 0.4896214896185005,
      "12": 0.6433628318555604,
      "13": 0.0
    },
    "mean_class_dice": 0.6774920007560659,
    "cldice": 0.8980081874709436,
    "hausdorff95": 0.576171875,
    "volumetric_similarity": 0.8773563983144821
  },
  "topcow_ct_037": {
    "binary_dice": 0.7992694558119527,
    "class_dice": {
      "1": 0.8135593220318402,
      "2": 0.7379528666875205,
      "3": 0.6472369417083753,
      "4": 0.8083353525543777,
      "5": 0.8371501272238004,
      "6": 0.7982225812950955,
      "7": 0.8020969855779679,
      "9": 0.007194244604057761,
      "10": 0.7538461537881657,
      "11": 0.7125683060083331,
      "12": 0.7255266418812716
    },
    "mean_class_dice": 0.6948808657600732,
    "cldice": 0.8989352097632608,
    "hausdorff95": 0.6796875,
    "volumetric_similarity": 0.8179389183887442
  },
  "topcow_ct_044": {
    "binary_dice": 0.8965426059358124,
    "class_dice": {
      "1": 0.8459495351869459,
      "2": 0.9072486360022819,
      "3": 0.8877118643973759,
      "4": 0.8360498561800765,
      "5": 0.8600252206755359,
      "6": 0.8824179874644954,
      "7": 0.8813247470020118,
      "9": 0.6821192052754265,
      "10": 0.6416184970912827,
      "11": 0.8334714167288031,
      "12": 0.8824383163963114
    },
    "mean_class_dice": 0.830943207490959,
    "cldice": 0.9223053064397013,
    "hausdorff95": 0.431640625,
    "volumetric_similarity": 0.928273947246645
  },
  "topcow_ct_046": {
    "binary_dice": 0.9394820474670772,
    "class_dice": {
      "1": 0.8995098039105452,
      "2": 0.9573170731610029,
      "3": 0.9177215189728208,
      "4": 0.9500209995760185,
      "5": 0.9329660238665477,
      "6": 0.9337770382664433,
      "7": 0.9186923721632969,
      "9": 0.870813397115298,
      "10": 0.90235690232652,
      "11": 0.731436502423793,
      "12": 0.8549971114913056,
      "13": 0.5969645868364761
    },
    "mean_class_dice": 0.8722144441758392,
    "cldice": 0.9540234306055728,
    "hausdorff95": 0.431640625,
    "volumetric_similarity": 0.9922239502332815
  },
  "topcow_ct_059": {
    "binary_dice": 0.8832268167770418,
    "class_dice": {
      "1": 0.8873106060564048,
      "2": 0.9128251939711876,
      "3": 0.7677053824308236,
      "4": 0.9211520302150115,
      "5": 0.895971136494913,
      "6": 0.8633791430857899,
      "7": 0.8709972552567659,
      "8": 0.4975609755854848,
      "10": 0.0,
      "11": 0.7454489355114303,
      "12": 0.7056617922733196
    },
    "mean_class_dice": 0.7334556773528301,
    "cldice": 0.9282790894737825,
    "hausdorff95": 0.3984375,
    "volumetric_similarity": 0.8993101113133279
  },
  "topcow_ct_061": {
    "binary_dice": 0.8826975067581235,
    "class_dice": {
      "1": 0.9070580013912855,
      "2": 0.7166361974340345,
      "3": 0.6994633273640478,