{
  "average_metrics": {
    "binary_dice": 0.7961276316603181,
    "mean_class_dice": 0.38331739897991135,
    "cldice": 0.8520327415457618,
    "hausdorff95": 1.201396440988113,
    "volumetric_similarity": 0.8149340052104503
  },
  "topcow_ct_002": {
    "binary_dice": 0.7463485652558369,
    "class_dice": {
      "1": 0.8486281929950397,
      "2": 0.10881226053556467,
      "3": 0.4832535885148196,
      "4": 0.3577142857132637,
      "5": 0.4169847328224381,
      "6": 0.17525773195801006,
      "7": 0.36941410128912905,
      "8": 0.0,
      "10": 0.0,
      "11": 0.32278706007706087,
      "12": 0.3062200956925589
    },
    "mean_class_dice": 0.30809745905435315,
    "cldice": 0.8676171064149368,
    "hausdorff95": 0.699951171875,
    "volumetric_similarity": 0.7579016578218194
  },
  "topcow_ct_005": {
    "binary_dice": 0.6758183032729873,
    "class_dice": {
      "1": 0.850601030332853,
      "2": 0.27282728272677215,
      "3": 0.3569116967158719,
      "4": 0.34174809989095856,
      "5": 0.3726379440651072,
      "6": 0.2727847301222693,
      "7": 0.0718728403588675,
      "8": 0.0,
      "10": 0.6138613860778356,
      "11": 0.3064143977835422,
      "12": 0.3140495867754176
    },
    "mean_class_dice": 0.34306445407722674,
    "cldice": 0.7836515701708962,
    "hausdorff95": 1.9589600338093935,
    "volumetric_similarity": 0.6869739478957916
  },
  "topcow_ct_007": {
    "binary_dice": 0.7798199549882596,
    "class_dice": {
      "1": 0.8741954359223277,
      "2": 0.08056394763262271,
      "3": 0.5032822757084066,
      "4": 0.5777017393767389,
      "5": 0.5946248600190671,
      "6": 0.07627118644021628,
      "7": 0.12698412698278325,
      "8": 0.0,
      "9": 0.0,
      "11": 0.3253275109152548,
      "12": 0.17710583153220227
    },
    "mean_class_dice": 0.3032779013208745,
    "cldice": 0.8435077268705211,
    "hausdorff95": 1.322973695662186,
    "volumetric_similarity": 0.8148287071767942
  },
  "topcow_ct_010": {
    "binary_dice": 0.8656878202597232,
    "class_dice": {
      "1": 0.9273817454968196,
      "2": 0.25468749999801027,
      "3": 0.4541377904588091,
      "4": 0.5018570102123913,
      "5": 0.0,
      "6": 0.502872777016408,
      "7": 0.43204202232152306,
      "8": 0.0,
      "10": 0.8612440190975481,
      "11": 0.47097124253678263,
      "12": 0.6802074330134823
    },
    "mean_class_dice": 0.46230923092288856,
    "cldice": 0.9045072087813641,
    "hausdorff95": 0.75,
    "volumetric_similarity": 0.8846078044934963
  },
  "topcow_ct_014": {
    "binary_dice": 0.8209040625588203,
    "class_dice": {
      "1": 0.9462571976876559,
      "2": 0.16462346759781746,
      "3": 0.6544622425579371,
      "4": 0.42012578616087976,
      "5": 0.49056603773164187,
      "6": 0.35744172145632136,
      "7": 0.1810344827560196,
      "10": 0.5999999999625,
      "11": 0.5136363636305269,
      "12": 0.5434412265711803,
      "13": 0.0
    },
    "mean_class_dice": 0.44287168419204365,
    "cldice": 0.8652280202029946,
    "hausdorff95": 0.9316733812375668,
    "volumetric_similarity": 0.8336830059126454
  },
  "topcow_ct_016": {
    "binary_dice": 0.9045231855982087,
    "class_dice": {
      "1": 0.9189585625195491,
      "2": 0.3160975609725259,
      "3": 0.6367265469030103,
      "4": 0.6808859721054927,
      "5": 0.537715971342024,
      "6": 0.3593908629405138,
      "7": 0.3475906875996341,
      "10": 0.5147058823150952,
      "11": 0.6217506631266752,
      "12": 0.590440487344937
    },
    "mean_class_dice": 0.5524263197169457,
    "cldice": 0.9241802556277887,
    "hausdorff95": 0.431640625,
    "volumetric_similarity": 0.9311837757776006
  },
  "topcow_ct_020": {
    "binary_dice": 0.8967843489986531,
    "class_dice": {
      "1": 0.8900388098279861,
      "2": 0.43654001616461974,
      "3": 0.36176194938742495,
      "4": 0.6242990654186159,
      "5": 0.37554585152428444,
      "6": 0.027223230489771117,
      "7": 0.4519015659904709,
      "10": 0.4235294117148789,
      "11": 0.534201954393044,
      "12": 0.5331254871353615
    },
    "mean_class_dice": 0.46581673420464575,
    "cldice": 0.9331675415705917,
    "hausdorff95": 0.4609375,
    "volumetric_similarity": 0.9667940933962971
  },
  "topcow_ct_024": {
    "binary_dice": 0.697062190003372,
    "class_dice": {
      "1": 0.7975133214849245,
      "2": 0.3899868247642953,
      "3": 0.46433566433241724,
      "4": 0.5727124182983141,
      "5": 0.5239616613397605,
      "6": 0.5938422606470104,
      "7": 0.2936288088626392,
      "10": 0.27906976742563544,
      "11": 0.361092604927641,
      "12": 0.3590062111778944
    },
    "mean_class_dice": 0.46351495432605316,
    "cldice": 0.8046309056522216,
    "hausdorff95": 0.90234375,
    "volumetric_similarity": 0.7099071601170037
  },
  "topcow_ct_028": {
    "binary_dice": 0.6945119611099562,
    "class_dice": {
      "1": 0.7900497512359199,
      "2": 0.3952627683168375,
      "3": 0.34975369457840927,
      "4": 0.43271375464523154,
      "5": 0.4782847718500369,
      "6": 0.24080882352830513,
      "7": 0.19015957446682077,
      "8": 0.0,
      "9": 0.0,
      "10": 0.5481481481075445,
      "11": 0.3420738974949817,
      "12": 0.3167082294244594
    },
    "mean_class_dice": 0.3403302844707122,
    "cldice": 0.7790441857570575,
    "hausdorff95": 1.3483001179844285,
    "volumetric_similarity": 0.7048739925802738
  },
  "topcow_ct_037": {
    "binary_dice": 0.681011617915992,
    "class_dice": {
      "1": 0.8877668120245863,
      "2": 0.4692015209107635,
      "3": 0.1223449447743316,
      "4": 0.5062786525802148,
      "5": 0.5482945489303529,
      "6": 0.14899536321437715,
      "7": 0.14643188137028332,
      "9": 0.0,
      "10": 0.7899159663201751,
      "11": 0.11513647642622761,
      "12": 0.39717367050800606
    },
    "mean_class_dice": 0.3755945306417562,
    "cldice": 0.7752957251144491,
    "hausdorff95": 2.1726195890919904,
    "volumetric_similarity": 0.6943852964249692
  },
  "topcow_ct_044": {
    "binary_dice": 0.826044018058108,
    "class_dice": {
      "1": 0.7814136125603312,
      "2": 0.2840909090876808,
      "3": 0.5207193119583994,
      "4": 0.33717456252523614,
      "5": 0.5380875202564123,
      "6": 0.2511166253089275,
      "7": 0.044098573280880696,
      "9": 0.0,
      "10": 0.04979253111826587,
      "11": 0.49825052483906057,
      "12": 0.5809468147248338
    },
    "mean_class_dice": 0.35324463506000253,
    "cldice": 0.8648968699792046,
    "hausdorff95": 1.1435709495267719,
    "volumetric_similarity": 0.8563769751693002
  },
  "topcow_ct_046": {
    "binary_dice": 0.7500848896428267,
    "class_dice": {
      "1": 0.953424657521186,
      "2": 0.19505494505226573,
      "3": 0.2941176470542706,
      "4": 0.506177760061753,
      "5": 0.7266355140102029,
      "6": 0.4464023494838649,
      "7": 0.6814070351690311,
      "9": 0.0,
      "10": 0.5855855855592078,
      "11": 0.4811547714476251,
      "12": 0.4489420423141772,
      "13": 0.0
    },
    "mean_class_dice": 0.44324185897279866,
    "cldice": 0.775842195979518,
    "hausdorff95": 2.1614988269613007,
    "volumetric_similarity": 0.7543293718166384
  },
  "topcow_ct_059": {
    "binary_dice": 0.7637564889095027,
    "class_dice": {
      "1": 0.8711879836100538,
      "2": 0.19636363636220827,
      "3": 0.4532019704408692,
      "4": 0.573292735970915,
      "5": 0.4104683195573441,
      "6": 0.2516181229763284,
      "7": 0.022388059701325465,
      "8": 0.0,
      "10": 0.0,
      "11": 0.3368983957206383,
      "12": 0.39092783504993434
    },
    "mean_class_dice": 0.3187588235808743,
    "cldice": 0.8470754571806747,
    "hausdorff95": 0.796875,
    "volumetric_similarity": 0.7727229825389335
  },
  "topcow_ct_061": {
    "binary_dice": 0.7864880044926691,
    "class_dice": {
      "1": 0.7801147227483741,
      "2": 0.18615209988437967,
      "3": 0.3097072419082457,
      "4": 0.39581517000699296,
      "5": 0.5650741350859549,
      "6": 0.1739631336395509,