{
  "average_metrics": {
    "binary_dice": 0.7941213559632879,
    "mean_class_dice": 0.38373250332889036,
    "cldice": 0.850237923717633,
    "hausdorff95": 1.2275294744710332,
    "volumetric_similarity": 0.8128424558910973
  },
  "topcow_ct_002": {
    "binary_dice": 0.7433036765048517,
    "class_dice": {
      "1": 0.8482269503505995,
      "2": 0.1110254433299073,
      "3": 0.48786311181660225,
      "4": 0.35509736540562686,
      "5": 0.407655502390394,
      "6": 0.17789291882479322,
      "7": 0.3674280039703703,
      "8": 0.0,
      "10": 0.0,
      "11": 0.31334760884970253,
      "12": 0.30036043251781996
    },
    "mean_class_dice": 0.30626339431416505,
    "cldice": 0.8642397646569051,
    "hausdorff95": 0.699951171875,
    "volumetric_similarity": 0.7549781104363791
  },
  "topcow_ct_005": {
    "binary_dice": 0.6695973154360169,
    "class_dice": {
      "1": 0.8464634847564896,
      "2": 0.2687224669588727,
      "3": 0.347947761192407,
      "4": 0.33805528813046615,
      "5": 0.37433962264009685,
      "6": 0.2803667880915961,
      "7": 0.07397069085782296,
      "8": 0.0,
      "10": 0.6060606059993878,
      "11": 0.2974117647044828,
      "12": 0.3154981549800946
    },
    "mean_class_dice": 0.3408033298465197,
    "cldice": 0.7790696854308038,
    "hausdorff95": 2.0769645491151865,
    "volumetric_similarity": 0.6808053691275168
  },
  "topcow_ct_007": {
    "binary_dice": 0.7792224027998629,
    "class_dice": {
      "1": 0.8748538011644746,
      "2": 0.08686868686780941,
      "3": 0.5103598691357124,
      "4": 0.5769010863333994,
      "5": 0.6030320044884726,
      "6": 0.07836045810682123,
      "7": 0.15287958115023162,
      "8": 0.0,
      "9": 0.0,
      "11": 0.3380434782590324,
      "12": 0.18604651162655492
    },
    "mean_class_dice": 0.309758679739319,
    "cldice": 0.8423517850528772,
    "hausdorff95": 1.322973695662186,
    "volumetric_similarity": 0.8149768721090136
  },
  "topcow_ct_010": {
    "binary_dice": 0.8676795987604525,
    "class_dice": {
      "1": 0.9280958721642604,
      "2": 0.24784313725295812,
      "3": 0.4536249493703782,
      "4": 0.5134575569346367,
      "5": 0.0,
      "6": 0.5028854080777607,
      "7": 0.44252491694058127,
      "8": 0.0,
      "10": 0.8571428571020407,
      "11": 0.4878836833576312,
      "12": 0.6847311827927539
    },
    "mean_class_dice": 0.4652899603630001,
    "cldice": 0.9058232636339161,
    "hausdorff95": 0.75,
    "volumetric_similarity": 0.8868564685056793
  },
  "topcow_ct_014": {
    "binary_dice": 0.8171466845270144,
    "class_dice": {
      "1": 0.9462571976876559,
      "2": 0.16491228069886119,
      "3": 0.6539343009881289,
      "4": 0.4318895166325682,
      "5": 0.49999999999573386,
      "6": 0.3641826923055037,
      "7": 0.15249266861946492,
      "10": 0.5999999999625,
      "11": 0.5005767012629692,
      "12": 0.5355004277114158,
      "13": 0.0
    },
    "mean_class_dice": 0.44088598053316375,
    "cldice": 0.8621107186807249,
    "hausdorff95": 1.0832961638505332,
    "volumetric_similarity": 0.8297770548272893
  },
  "topcow_ct_016": {
    "binary_dice": 0.9055615642961772,
    "class_dice": {
      "1": 0.9193548387063074,
      "2": 0.32264334304837083,
      "3": 0.638764324859797,
      "4": 0.6825462012292298,
      "5": 0.535578947366166,
      "6": 0.36820925552949485,
      "7": 0.34313725490009184,
      "10": 0.5362318840191136,
      "11": 0.630252100837026,
      "12": 0.5940594059377933
    },
    "mean_class_dice": 0.5570777556433391,
    "cldice": 0.9247551608431206,
    "hausdorff95": 0.431640625,
    "volumetric_similarity": 0.9319747253372801
  },
  "topcow_ct_020": {
    "binary_dice": 0.8967587034807196,
    "class_dice": {
      "1": 0.8911917098407116,
      "2": 0.42810457515990114,
      "3": 0.36583101206716967,
      "4": 0.6231657820773551,
      "5": 0.369398907099788,
      "6": 0.027149321266722634,
      "7": 0.4469273742966824,
      "10": 0.4235294117148789,
      "11": 0.5350734094572996,
      "12": 0.5351014040519884
    },
    "mean_class_dice": 0.4645472907032498,
    "cldice": 0.9338082932219546,
    "hausdorff95": 0.4609375,
    "volumetric_similarity": 0.9657863145258103
  },
  "topcow_ct_024": {
    "binary_dice": 0.6952041724966955,
    "class_dice": {
      "1": 0.7968056787861864,
      "2": 0.39257294429187567,
      "3": 0.4639103013282137,
      "4": 0.5736371033337119,
      "5": 0.5214626391076254,
      "6": 0.593908629439112,
      "7": 0.2876254180585974,
      "10": 0.27906976742563544,
      "11": 0.35680751173469616,
      "12": 0.36318715256106743
    },
    "mean_class_dice": 0.4628987146066722,
    "cldice": 0.804744339312711,
    "hausdorff95": 0.90234375,
    "volumetric_similarity": 0.7095789339778654
  },
  "topcow_ct_028": {
    "binary_dice": 0.6924654023573216,
    "class_dice": {
      "1": 0.7842741935404811,
      "2": 0.38839285713996735,
      "3": 0.3577235772328641,
      "4": 0.43397626112598675,
      "5": 0.48191430161111903,
      "6": 0.2375690607723869,
      "7": 0.21475625823310437,
      "8": 0.0,
      "9": 0.0,
      "10": 0.5481481481075445,
      "11": 0.33672857998599925,
      "12": 0.3110555902541471
    },
    "mean_class_dice": 0.3412115690003,
    "cldice": 0.7763849827471598,
    "hausdorff95": 1.3483001179844285,
    "volumetric_similarity": 0.7027165556125063
  },
  "topcow_ct_037": {
    "binary_dice": 0.6777274259388496,
    "class_dice": {
      "1": 0.8876146788970468,
      "2": 0.4700495993877526,
      "3": 0.12697060076639552,
      "4": 0.5073500198639107,
      "5": 0.5377237851645214,
      "6": 0.1423686664589917,
      "7": 0.12793979303736652,
      "9": 0.0,
      "10": 0.7899159663201751,
      "11": 0.12193903048414824,
      "12": 0.39566192969186365
    },
    "mean_class_dice": 0.3734121881883793,
    "cldice": 0.7705193033776371,
    "hausdorff95": 2.2764557927977647,
    "volumetric_similarity": 0.691060259915359
  },
  "topcow_ct_044": {
    "binary_dice": 0.8256051944379803,
    "class_dice": {
      "1": 0.7809025506816162,
      "2": 0.27986348122548504,
      "3": 0.5172413793062912,
      "4": 0.3347602739711697,
      "5": 0.5375878853405215,
      "6": 0.2526002971755691,
      "7": 0.04145077720153561,
      "9": 0.0,
      "10": 0.04979253111826587,
      "11": 0.49894884372460446,
      "12": 0.5826036193778016
    },
    "mean_class_dice": 0.3523410581020782,
    "cldice": 0.8635484997983675,
    "hausdorff95": 1.1435709495267719,
    "volumetric_similarity": 0.8558119839085327
  },
  "topcow_ct_046": {
    "binary_dice": 0.7483838040143345,
    "class_dice": {
      "1": 0.9532967032836086,
      "2": 0.1920438957449651,
      "3": 0.2892690513174297,
      "4": 0.4845528455264856,
      "5": 0.7007125890653122,
      "6": 0.4441247002376781,
      "7": 0.6491935483805524,
      "9": 0.0,
      "10": 0.5919282510945324,
      "11": 0.4715316760186726,
      "12": 0.45321100917015406,
      "13": 0.0
    },
    "mean_class_dice": 0.4358220224866159,
    "cldice": 0.7744808090115404,
    "hausdorff95": 2.1601805461767816,
    "volumetric_similarity": 0.7517863218781898
  },
  "topcow_ct_059": {
    "binary_dice": 0.7586729857816309,
    "class_dice": {
      "1": 0.870159453298997,
      "2": 0.19676945667990625,
      "3": 0.45858475040889424,
      "4": 0.5649022622434331,
      "5": 0.4108956602012424,
      "6": 0.25353249898969105,
      "7": 0.022271714921883658,
      "8": 0.0,
      "10": 0.0,
      "11": 0.33358895705393565,
      "12": 0.38605230385892053
    },
    "mean_class_dice": 0.31788700524153674,
    "cldice": 0.843406526689486,
    "hausdorff95": 0.796875,
    "volumetric_similarity": 0.7674881516587677
  },
  "topcow_ct_061": {
    "binary_dice": 0.7858347386165696,
    "class_dice": {
      "1": 0.7796178343899388,
      "2": 0.186307519638762,
      "3": 0.29968944099146205,
      "4": 0.3984306887515326,
      "5": 0.5629139072801084,
      "6": 0.1753171856967975,