{
  "average_metrics": {
    "binary_dice": 0.8568663268956385,
    "mean_class_dice": 0.6494403371755635,
    "cldice": 0.899929633445443,
    "hausdorff95": 0.8118968519052759,
    "volumetric_similarity": 0.8784305634693907
  },
  "topcow_ct_002": {
    "binary_dice": 0.778622458325344,
    "class_dice": {
      "1": 0.8131286394874901,
      "2": 0.7139664804429388,
      "3": 0.702252693434367,
      "4": 0.8270986745189187,
      "5": 0.7582361885415194,
      "6": 0.8373897707201503,
      "7": 0.7705357142822744,
      "8": 0.0,
      "11": 0.42008822531245305,
      "12": 0.42012962256797515
    },
    "mean_class_dice": 0.6262826009308087,
    "cldice": 0.8920397310706415,
    "hausdorff95": 0.699951171875,
    "volumetric_similarity": 0.7887891555229896
  },
  "topcow_ct_005": {
    "binary_dice": 0.7238846659608313,
    "class_dice": {
      "1": 0.7539203860026905,
      "2": 0.6849015317249185,
      "3": 0.6735193343089891,
      "4": 0.7943889801582278,
      "5": 0.6955391944534624,
      "6": 0.6978460073774867,
      "7": 0.7091552857829583,
      "8": 0.0,
      "10": 0.6542056074154948,
      "11": 0.7209302325551457,
      "12": 0.664796633937986
    },
    "mean_class_dice": 0.6408366539743053,
    "cldice": 0.8329378997752016,
    "hausdorff95": 1.411124364702222,
    "volumetric_similarity": 0.7391513518714519
  },
  "topcow_ct_007": {
    "binary_dice": 0.8174018862179389,
    "class_dice": {
      "1": 0.8619854721497459,
      "2": 0.7714285714233237,
      "3": 0.7700875099381855,
      "4": 0.887114337564838,
      "5": 0.8441926345549279,
      "6": 0.9046040515620457,
      "7": 0.7679205109952597,
      "8": 0.0,
      "9": 0.0,
      "10": 0.0,
      "11": 0.7354107648683547,
      "12": 0.7578172900014849
    },
    "mean_class_dice": 0.6083800952548472,
    "cldice": 0.8701444332925806,
    "hausdorff95": 0.75,
    "volumetric_similarity": 0.846486157590508
  },
  "topcow_ct_010": {
    "binary_dice": 0.8795441147568875,
    "class_dice": {
      "1": 0.8962962962896571,
      "2": 0.7231004589458282,
      "3": 0.8276315789419235,
      "4": 0.8549537648590358,
      "5": 0.0,
      "6": 0.9186645753956562,
      "7": 0.891139240501817,
      "8": 0.2518740629647395,
      "10": 0.794520547908926,
      "11": 0.8462572837254763,
      "12": 0.8541959681160142
    },
    "mean_class_dice": 0.7144212525135522,
    "cldice": 0.9392802369735858,
    "hausdorff95": 0.431640625,
    "volumetric_similarity": 0.8878954607977991
  },
  "topcow_ct_014": {
    "binary_dice": 0.8097758106409989,
    "class_dice": {
      "1": 0.873747494981225,
      "2": 0.46613896217707884,
      "3": 0.0,
      "4": 0.16034669555709455,
      "5": 0.5098039215649252,
      "6": 0.0,
      "7": 0.0,
      "10": 0.5962732918884301,
      "11": 0.17391304347665207,
      "12": 0.01727861771039656,
      "13": 0.12499999999479167
    },
    "mean_class_dice": 0.26568200248641766,
    "cldice": 0.8852941797522992,
    "hausdorff95": 0.75,
    "volumetric_similarity": 0.8232464158568267
  },
  "topcow_ct_016": {
    "binary_dice": 0.9357768231002579,
    "class_dice": {
      "1": 0.9154155986784497,
      "2": 0.9404081632576294,
      "3": 0.8922742110941662,
      "4": 0.94711305191195,
      "5": 0.9361337333864718,
      "6": 0.9220462850126551,
      "7": 0.9399103138971305,
      "10": 0.5321100916943019,
      "11": 0.9106090373236219,
      "12": 0.8708791208751334
    },
    "mean_class_dice": 0.8806899607131509,
    "cldice": 0.9495171992772647,
    "hausdorff95": 0.431640625,
    "volumetric_similarity": 0.9797161346457122
  },
  "topcow_ct_020": {
    "binary_dice": 0.9489019352026172,
    "class_dice": {
      "1": 0.9417249417205514,
      "2": 0.9156844968185343,
      "3": 0.915903413814189,
      "4": 0.9273118279530008,
      "5": 0.9270298047181189,
      "6": 0.946572104014437,
      "7": 0.9395348837121905,
      "10": 0.49999999994318184,
      "11": 0.9077340569816301,
      "12": 0.9090909090839053
    },
    "mean_class_dice": 0.883058643875974,
    "cldice": 0.9657424980757361,
    "hausdorff95": 0.4609375,
    "volumetric_similarity": 0.9990577661810538
  },
  "topcow_ct_024": {
    "binary_dice": 0.8523508386027757,
    "class_dice": {
      "1": 0.8120035304429656,
      "2": 0.8295739348266971,
      "3": 0.8568207440763427,
      "4": 0.8637634838159658,
      "5": 0.7494108405312278,
      "6": 0.8988326848219883,
      "7": 0.7057837384714762,
      "10": 0.8026755852574355,
      "11": 0.8023793787124761,
      "12": 0.8748255002285955
    },
    "mean_class_dice": 0.819606942118517,
    "cldice": 0.8925338952837895,
    "hausdorff95": 0.699951171875,
    "volumetric_similarity": 0.8843552378333792
  },
  "topcow_ct_028": {
    "binary_dice": 0.8038573933367599,
    "class_dice": {
      "1": 0.798029556642384,
      "2": 0.7741487143796099,
      "3": 0.7957153787238278,
      "4": 0.8427612655760175,
      "5": 0.8364576599816649,
      "6": 0.8776244751023466,
      "7": 0.753363228695798,
      "8": 0.2878787878715182,
      "9": 0.03418803418511213,
      "10": 0.8235294117162629,
      "11": 0.42240824210932126,
      "12": 0.6086956521710674
    },
    "mean_class_dice": 0.6545667005962442,
    "cldice": 0.8385966859368884,
    "hausdorff95": 0.9066372590698979,
    "volumetric_similarity": 0.8165984804208065
  },
  "topcow_ct_037": {
    "binary_dice": 0.7598903801557305,
    "class_dice": {
      "1": 0.8378178227577442,
      "2": 0.7179670722952113,
      "3": 0.5695999999977216,
      "4": 0.7978250123559124,
      "5": 0.8023369036001222,
      "6": 0.7728426395922741,
      "7": 0.8049738219842607,
      "9": 0.0,
      "10": 0.7317073170136824,
      "11": 0.4691358024670673,
      "12": 0.7353224254066881
    },
    "mean_class_dice": 0.6581389834064257,
    "cldice": 0.8550244462712379,
    "hausdorff95": 1.0121635725791804,
    "volumetric_similarity": 0.7720469397793549
  },
  "topcow_ct_044": {
    "binary_dice": 0.8610958149773809,
    "class_dice": {
      "1": 0.8345612859957499,
      "2": 0.8174545454486004,
      "3": 0.6545924967573792,
      "4": 0.5580551523927502,
      "5": 0.6475370636028335,
      "6": 0.3296460176972918,
      "7": 0.0,
      "9": 0.015503875967790397,
      "10": 0.7499999999800532,
      "11": 0.6632727272679035,
      "12": 0.6931818181778797
    },
    "mean_class_dice": 0.5421640893898392,
    "cldice": 0.8941835772500224,
    "hausdorff95": 0.75,
    "volumetric_similarity": 0.8840859030837005
  },
  "topcow_ct_046": {
    "binary_dice": 0.8917206520958982,
    "class_dice": {
      "1": 0.8703703703602966,
      "2": 0.9477993858654268,
      "3": 0.9012345678873266,
      "4": 0.9029126213552388,
      "5": 0.9319470699344807,
      "6": 0.9364435429312494,
      "7": 0.9135593220261563,
      "9": 0.0,
      "10": 0.8707482992901106,
      "11": 0.786998616868693,
      "12": 0.8337595907875079,
      "13": 0.2886597938084812
    },
    "mean_class_dice": 0.7653694317595807,
    "cldice": 0.8818998225865771,
    "hausdorff95": 0.8653401811717694,
    "volumetric_similarity": 0.9553641346906813
  },
  "topcow_ct_059": {
    "binary_dice": 0.8737963795091908,
    "class_dice": {
      "1": 0.8945386063988017,
      "2": 0.8768328445704945,
      "3": 0.8348868175710061,
      "4": 0.9176582579702103,
      "5": 0.8865726548075624,
      "6": 0.8852545502482584,
      "7": 0.8659038901562202,
      "8": 0.0,
      "10": 0.0,
      "11": 0.754296626350241,
      "12": 0.7386276021559807
    },
    "mean_class_dice": 0.6958701682026158,
    "cldice": 0.9177635558631099,
    "hausdorff95": 0.3984375,
    "volumetric_similarity": 0.887062952026362
  },
  "topcow_ct_061": {
    "binary_dice": 0.8258942703380612,
    "class_dice": {
      "1": 0.9276177090588362,
      "2": 0.76045627375703,
      "3": 0.64618249533849,
      "4": 0.8233970753609483,
      "5": 0.7578215527142779,
      "6": 0.8688046647194136,
      "7": 0.8253968253859074,
      "8": 0.0,