{
  "average_metrics": {
    "binary_dice": 0.9019514609364155,
    "mean_class_dice": 0.7110367600983403,
    "cldice": 0.9448051297693922,
    "hausdorff95": 0.46967617891137164,
    "volumetric_similarity": 0.9244366597806036
  },
  "topcow_ct_002": {
    "binary_dice": 0.7794523065609357,
    "class_dice": {
      "1": 0.8192898781090658,
      "2": 0.6949632144838995,
      "3": 0.6500254712142128,
      "4": 0.8229721728809267,
      "5": 0.7960687960648842,
      "6": 0.8203636363606532,
      "7": 0.7823399558464357,
      "8": 0.5957446808193753,
      "11": 0.41629881154357795,
      "12": 0.38157894736694437,
      "13": 0.0
    },
    "mean_class_dice": 0.616331414971816,
    "cldice": 0.8988050326016332,
    "hausdorff95": 0.699951171875,
    "volumetric_similarity": 0.7847822091527292
  },
  "topcow_ct_005": {
    "binary_dice": 0.7442081878766282,
    "class_dice": {
      "1": 0.7519685039320737,
      "2": 0.559887271016628,
      "3": 0.3261272390344279,
      "4": 0.8207190737345268,
      "5": 0.6275216138305926,
      "6": 0.716449454032269,
      "7": 0.3833658219598222,
      "8": 0.5009009008918757,
      "10": 0.6605504586549954,
      "11": 0.7291325695551182,
      "12": 0.6344959388407334
    },
    "mean_class_dice": 0.610101713225733,
    "cldice": 0.867763296677682,
    "hausdorff95": 0.8492658249371925,
    "volumetric_similarity": 0.7523960647413519
  },
  "topcow_ct_007": {
    "binary_dice": 0.8947519357608863,
    "class_dice": {
      "1": 0.922408441955789,
      "2": 0.8084265964397076,
      "3": 0.8851744185982183,
      "4": 0.9000360880516058,
      "5": 0.8522968197819626,
      "6": 0.9393290506747347,
      "7": 0.8824662813045443,
      "8": 0.8701298701016191,
      "9": 0.8664688427042591,
      "10": 0.0,
      "11": 0.7622047244054477,
      "12": 0.791872597469567
    },
    "mean_class_dice": 0.790067810957288,
    "cldice": 0.9431978580800687,
    "hausdorff95": 0.544921875,
    "volumetric_similarity": 0.9126469744766275
  },
  "topcow_ct_010": {
    "binary_dice": 0.9113754717878212,
    "class_dice": {
      "1": 0.9021339219948336,
      "2": 0.8576271186392225,
      "3": 0.8802017654421174,
      "4": 0.9005076142109124,
      "5": 0.0,
      "6": 0.9344262295061266,
      "7": 0.8993963782650937,
      "8": 0.8249496981808355,
      "10": 0.8054298642169488,
      "11": 0.8781549173155868,
      "12": 0.8851412944353458
    },
    "mean_class_dice": 0.7970880729279112,
    "cldice": 0.9551709102559216,
    "hausdorff95": 0.431640625,
    "volumetric_similarity": 0.9184463236348
  },
  "topcow_ct_014": {
    "binary_dice": 0.8749659493318124,
    "class_dice": {
      "1": 0.9014634146253516,
      "2": 0.3124999999971278,
      "3": 0.0,
      "4": 0.0,
      "5": 0.011616650532317361,
      "6": 0.0,
      "7": 0.0,
      "10": 0.6744186046119524,
      "11": 0.10896898574929616,
      "12": 0.02629107981195971,
      "13": 0.5049180327703305
    },
    "mean_class_dice": 0.2309251607362123,
    "cldice": 0.94506056297573,
    "hausdorff95": 0.552734375,
    "volumetric_similarity": 0.8894942340869881
  },
  "topcow_ct_016": {
    "binary_dice": 0.9424202992838091,
    "class_dice": {
      "1": 0.9137737961891983,
      "2": 0.9201331114732103,
      "3": 0.8768472906355947,
      "4": 0.9390476190431475,
      "5": 0.9420352082398368,
      "6": 0.9332509270646895,
      "7": 0.9348115299293357,
      "10": 0.504672897149096,
      "11": 0.9375609756051827,
      "12": 0.9292929292888481
    },
    "mean_class_dice": 0.8831426284618139,
    "cldice": 0.9674012121632514,
    "hausdorff95": 0.431640625,
    "volumetric_similarity": 0.9827586206896551
  },
  "topcow_ct_020": {
    "binary_dice": 0.953755140321078,
    "class_dice": {
      "1": 0.9493610979604858,
      "2": 0.9148550724554815,
      "3": 0.9051937345349944,
      "4": 0.9296504100089356,
      "5": 0.942687747026258,
      "6": 0.9411210551062595,
      "7": 0.9535095715501049,
      "10": 0.5894736841484765,
      "11": 0.9289544235862671,
      "12": 0.9220077220006023
    },
    "mean_class_dice": 0.8976814518377866,
    "cldice": 0.9746203589167306,
    "hausdorff95": 0.4609375,
    "volumetric_similarity": 0.9944448452492605
  },
  "topcow_ct_024": {
    "binary_dice": 0.9038630604535843,
    "class_dice": {
      "1": 0.8788638262249051,
      "2": 0.9101516919380379,
      "3": 0.9155227032686615,
      "4": 0.9117326552818318,
      "5": 0.7467870788442279,
      "6": 0.9147239263775623,
      "7": 0.6974753958036052,
      "10": 0.8079470198407964,
      "11": 0.8511979823401564,
      "12": 0.92693661971423
    },
    "mean_class_dice": 0.8561338899634015,
    "cldice": 0.924239956233872,
    "hausdorff95": 0.451171875,
    "volumetric_similarity": 0.9508196721311475
  },
  "topcow_ct_028": {
    "binary_dice": 0.8821218074651375,
    "class_dice": {
      "1": 0.8393194706914999,
      "2": 0.8386243386187923,
      "3": 0.8744650499224361,
      "4": 0.9166287015903571,
      "5": 0.7776560788566393,
      "6": 0.920863309349868,
      "7": 0.6673762639666452,
      "8": 0.8647746243595196,
      "9": 0.7707317072794765,
      "10": 0.8228571428101225,
      "11": 0.5008880994641748,
      "12": 0.6568329717975843,
      "13": 0.0
    },
    "mean_class_dice": 0.7270013660543936,
    "cldice": 0.9105325928515648,
    "hausdorff95": 0.576171875,
    "volumetric_similarity": 0.8950010914647457
  },
  "topcow_ct_037": {
    "binary_dice": 0.8457517613061765,
    "class_dice": {
      "1": 0.8650217706800556,
      "2": 0.7943643072767717,
      "3": 0.7286931818155942,
      "4": 0.8398309065269145,
      "5": 0.8630303030276878,
      "6": 0.840692472280022,
      "7": 0.8687499999945704,
      "9": 0.46464646463082,
      "10": 0.8148148147544582,
      "11": 0.7363834422631214,
      "12": 0.8041358936460735
    },
    "mean_class_dice": 0.7836694142632809,
    "cldice": 0.9220392899014392,
    "hausdorff95": 0.4806116403377315,
    "volumetric_similarity": 0.8652965812798286
  },
  "topcow_ct_044": {
    "binary_dice": 0.9015206853038704,
    "class_dice": {
      "1": 0.8658790826902997,
      "2": 0.8939157566232925,
      "3": 0.8782051281957457,
      "4": 0.8594802694857581,
      "5": 0.8650693568671812,
      "6": 0.9078473722069552,
      "7": 0.8803652967956132,
      "9": 0.7084870848447052,
      "10": 0.6053412462728385,
      "11": 0.7682333873519592,
      "12": 0.850222441913741
    },
    "mean_class_dice": 0.8257314930225537,
    "cldice": 0.9328699087900346,
    "hausdorff95": 0.431640625,
    "volumetric_similarity": 0.9234344910020585
  },
  "topcow_ct_046": {
    "binary_dice": 0.9397799266415873,
    "class_dice": {
      "1": 0.8862275448995661,
      "2": 0.9496544915997073,
      "3": 0.9206349206203074,
      "4": 0.9541132699423146,
      "5": 0.9362084456339964,
      "6": 0.9345297440979244,
      "7": 0.9212730318180798,
      "9": 0.8773584905522428,
      "10": 0.8866666666371111,
      "11": 0.7973333333280178,
      "12": 0.8553092181980437,
      "13": 0.6803797468246775
    },
    "mean_class_dice": 0.8833074086793324,
    "cldice": 0.9641521347868062,
    "hausdorff95": 0.431640625,
    "volumetric_similarity": 0.978592864288096
  },
  "topcow_ct_059": {
    "binary_dice": 0.8896644521062611,
    "class_dice": {
      "1": 0.8856193640204765,
      "2": 0.816326530608913,
      "3": 0.5420875420829792,
      "4": 0.9248067463084451,
      "5": 0.9136390708700797,
      "6": 0.8848580441617118,
      "7": 0.8847549909215756,
      "8": 0.4905660377127091,
      "10": 0.0,
      "11": 0.7567733990124483,
      "12": 0.7155402825478597
    },
    "mean_class_dice": 0.7104520007497452,
    "cldice": 0.9324056069673824,
    "hausdorff95": 0.3984375,
    "volumetric_similarity": 0.9064838953830628
  },
  "topcow_ct_061": {
    "binary_dice": 0.8812617348848056,
    "class_dice": {
      "1": 0.8870748299259383,
      "2": 0.6932038834884156,
      "3": 0.6889089269550144,