{
  "average_metrics": {
    "binary_dice": 0.8239242448566388,
    "mean_class_dice": 0.3956914525286341,
    "cldice": 0.8786585944912768,
    "hausdorff95": 0.7769402506856126,
    "volumetric_similarity": 0.8415159495669152
  },
  "topcow_ct_002": {
    "binary_dice": 0.770023462298951,
    "class_dice": {
      "1": 0.8464769015359475,
      "2": 0.09961089494085906,
      "3": 0.497017892642159,
      "4": 0.46948608136919306,
      "5": 0.5270506108179448,
      "6": 0.2296231375975915,
      "7": 0.39250390421451065,
      "8": 0.0,
      "10": 0.0,
      "11": 0.343707713124683,
      "12": 0.27988804478096807
    },
    "mean_class_dice": 0.335033198274896,
    "cldice": 0.8810513756712579,
    "hausdorff95": 0.699951171875,
    "volumetric_similarity": 0.7832727607305516
  },
  "topcow_ct_005": {
    "binary_dice": 0.7357793490028869,
    "class_dice": {
      "1": 0.8708357685513102,
      "2": 0.30346344144967863,
      "3": 0.38423198912376877,
      "4": 0.465308940282516,
      "5": 0.45653710247188506,
      "6": 0.2793023852266231,
      "7": 0.07163323782183645,
      "8": 0.0,
      "10": 0.5740740740209191,
      "11": 0.3010064043902058,
      "12": 0.3268379096531141
    },
    "mean_class_dice": 0.3666573866356234,
    "cldice": 0.8332895543704749,
    "hausdorff95": 1.0943078934308206,
    "volumetric_similarity": 0.7479457290273266
  },
  "topcow_ct_007": {
    "binary_dice": 0.8140118807025452,
    "class_dice": {
      "1": 0.9028776978363138,
      "2": 0.11753183153655698,
      "3": 0.525285481236948,
      "4": 0.5877483443692392,
      "5": 0.5850556438760729,
      "6": 0.04671717171687679,
      "7": 0.05464480874257219,
      "8": 0.0,
      "9": 0.0,
      "11": 0.2871912693837611,
      "12": 0.292625368729837
    },
    "mean_class_dice": 0.30906160158437984,
    "cldice": 0.8789629183303134,
    "hausdorff95": 0.75,
    "volumetric_similarity": 0.8389981015371425
  },
  "topcow_ct_010": {
    "binary_dice": 0.8958293106773045,
    "class_dice": {
      "1": 0.9591129591063126,
      "2": 0.25078369905759573,
      "3": 0.469793322732632,
      "4": 0.5920700559460178,
      "5": 0.0,
      "6": 0.6307385229525181,
      "7": 0.4185447520900287,
      "8": 0.0,
      "10": 0.8867924527883588,
      "11": 0.6055137844581178,
      "12": 0.7157983905094629
    },
    "mean_class_dice": 0.5026498126946404,
    "cldice": 0.9364046641405074,
    "hausdorff95": 0.431640625,
    "volumetric_similarity": 0.9072214713265109
  },
  "topcow_ct_014": {
    "binary_dice": 0.8475767665548949,
    "class_dice": {
      "1": 0.948792270522234,
      "2": 0.20826446280647495,
      "3": 0.6681957186493258,
      "4": 0.3651115618636572,
      "5": 0.5007999999959937,
      "6": 0.4484062668803436,
      "7": 0.12912912912719024,
      "10": 0.5822784809758051,
      "11": 0.39959225279918864,
      "12": 0.5334394904416128,
      "13": 0.0
    },
    "mean_class_dice": 0.4349099667328933,
    "cldice": 0.8923521197604147,
    "hausdorff95": 0.75,
    "volumetric_similarity": 0.8688494265630781
  },
  "topcow_ct_016": {
    "binary_dice": 0.9121097070318399,
    "class_dice": {
      "1": 0.9219330854984316,
      "2": 0.32227488151353295,
      "3": 0.6275303643692939,
      "4": 0.6957575757547646,
      "5": 0.5185803757807158,
      "6": 0.3514902363787103,
      "7": 0.3880597014904688,
      "10": 0.37878787875918274,
      "11": 0.6511381683395917,
      "12": 0.6239707227784814
    },
    "mean_class_dice": 0.5479522990663174,
    "cldice": 0.9334080552093592,
    "hausdorff95": 0.431640625,
    "volumetric_similarity": 0.9368164560548535
  },
  "topcow_ct_020": {
    "binary_dice": 0.901517983996933,
    "class_dice": {
      "1": 0.9036777583147826,
      "2": 0.4188311688277693,
      "3": 0.33302497687018484,
      "4": 0.6153364632218613,
      "5": 0.3301158301126437,
      "6": 0.04757709251059404,
      "7": 0.2589395807612954,
      "10": 0.44186046506489995,
      "11": 0.5318985395808463,
      "12": 0.4537953795342097
    },
    "mean_class_dice": 0.4335057254799087,
    "cldice": 0.9393876239563755,
    "hausdorff95": 0.4609375,
    "volumetric_similarity": 0.9692664323637179
  },
  "topcow_ct_024": {
    "binary_dice": 0.7252336448593611,
    "class_dice": {
      "1": 0.8272251308828341,
      "2": 0.41099476439252625,
      "3": 0.48644986449534927,
      "4": 0.5911664779139632,
      "5": 0.5209486165987315,
      "6": 0.5558464223361438,
      "7": 0.29318801089758484,
      "10": 0.4248704662992295,
      "11": 0.33402633402401927,
      "12": 0.40301974448081873
    },
    "mean_class_dice": 0.48477358323212005,
    "cldice": 0.8316641607925436,
    "hausdorff95": 0.699951171875,
    "volumetric_similarity": 0.7359501557632399
  },
  "topcow_ct_028": {
    "binary_dice": 0.7357847088728617,
    "class_dice": {
      "1": 0.746987951799729,
      "2": 0.3405797101424596,
      "3": 0.38935361216433956,
      "4": 0.5162838532721417,
      "5": 0.4187906046955583,
      "6": 0.2848014605190105,
      "7": 0.07943262411291183,
      "8": 0.0,
      "9": 0.0,
      "10": 0.5735294117225346,
      "11": 0.2771159874590777,
      "12": 0.3060046189358776
    },
    "mean_class_dice": 0.32773998623530337,
    "cldice": 0.8048020488425628,
    "hausdorff95": 0.9066372590698979,
    "volumetric_similarity": 0.744465802691139
  },
  "topcow_ct_037": {
    "binary_dice": 0.7295633706487421,
    "class_dice": {
      "1": 0.8915718597611062,
      "2": 0.44701195218945416,
      "3": 0.27836944546353887,
      "4": 0.4836049856174811,
      "5": 0.6183159188671841,
      "6": 0.17715617715566098,
      "7": 0.1619718309844897,
      "9": 0.0,
      "10": 0.7796610168830796,
      "11": 0.1525347689540039,
      "12": 0.3889705882338641
    },
    "mean_class_dice": 0.3981062312827147,
    "cldice": 0.8288789945988553,
    "hausdorff95": 1.0121635725791804,
    "volumetric_similarity": 0.7419459342716245
  },
  "topcow_ct_044": {
    "binary_dice": 0.851378708550889,
    "class_dice": {
      "1": 0.805633802811228,
      "2": 0.25282167042604037,
      "3": 0.53384030417845,
      "4": 0.35832606800192535,
      "5": 0.5526315789444599,
      "6": 0.34203420341880275,
      "7": 0.030386740331072006,
      "9": 0.0,
      "10": 0.0,
      "11": 0.548909218856095,
      "12": 0.6640449438164941
    },
    "mean_class_dice": 0.37169350279859703,
    "cldice": 0.8871979071693031,
    "hausdorff95": 0.6104320259461993,
    "volumetric_similarity": 0.8682722513089005
  },
  "topcow_ct_046": {
    "binary_dice": 0.7812936631866677,
    "class_dice": {
      "1": 0.9306666666542578,
      "2": 0.1907356948202897,
      "3": 0.2572741194447584,
      "4": 0.5059084194959161,
      "5": 0.5595116988752847,
      "6": 0.33077316948115326,
      "7": 0.5225409836012035,
      "9": 0.0,
      "10": 0.5727272727012397,
      "11": 0.5106696100036007,
      "12": 0.4488330341072816,
      "13": 0.0
    },
    "mean_class_dice": 0.4024700557654155,
    "cldice": 0.8126453967584432,
    "hausdorff95": 1.2223208031249215,
    "volumetric_similarity": 0.7939508506616257
  },
  "topcow_ct_059": {
    "binary_dice": 0.7974898080707262,
    "class_dice": {
      "1": 0.8664495113966196,
      "2": 0.26007067137625395,
      "3": 0.464082687336103,
      "4": 0.5277413717769163,
      "5": 0.41114058355255906,
      "6": 0.2795232936067912,
      "7": 0.08108108108050441,
      "8": 0.0,
      "11": 0.37301306958540087,
      "12": 0.33404345973440974
    },
    "mean_class_dice": 0.3597145729445558,
    "cldice": 0.8775459338326043,
    "hausdorff95": 0.70001220703125,
    "volumetric_similarity": 0.8087581878979433
  },
  "topcow_ct_061": {
    "binary_dice": 0.8273767811252609,
    "class_dice": {
      "1": 0.7531106745202809,
      "2": 0.26242544731349476,
      "3": 0.31331168830914524,
      "4": 0.4194206446331317,
      "5": 0.5883293365260726,
      "6": 0.17267009719741183,
      "7": 0.008791208791015578,