{
  "average_metrics": {
    "binary_dice": 0.8566661197504649,
    "mean_class_dice": 0.6495778327250429,
    "cldice": 0.8995663272773862,
    "hausdorff95": 0.8165162401095982,
    "volumetric_similarity": 0.8780377635436466
  },
  "topcow_ct_002": {
    "binary_dice": 0.7783427236494992,
    "class_dice": {
      "1": 0.8137566137523082,
      "2": 0.7143655673520718,
      "3": 0.702252693434367,
      "4": 0.8270986745189187,
      "5": 0.7582361885415194,
      "6": 0.8369795342242873,
      "7": 0.768886902097591,
      "8": 0.0,
      "11": 0.42023082145139096,
      "12": 0.42012962256797515
    },
    "mean_class_dice": 0.626193661794043,
    "cldice": 0.8920343012137775,
    "hausdorff95": 0.699951171875,
    "volumetric_similarity": 0.7885117493472584
  },
  "topcow_ct_005": {
    "binary_dice": 0.7242352337585056,
    "class_dice": {
      "1": 0.7539203860026905,
      "2": 0.6849015317249185,
      "3": 0.6735193343089891,
      "4": 0.7946417287997035,
      "5": 0.6949740034631934,
      "6": 0.6984655644097794,
      "7": 0.7104598281924687,
      "8": 0.0,
      "10": 0.6542056074154948,
      "11": 0.7216922438792133,
      "12": 0.665107577171819
    },
    "mean_class_dice": 0.6410807095789337,
    "cldice": 0.8329312471925703,
    "hausdorff95": 1.411124364702222,
    "volumetric_similarity": 0.7394343615725005
  },
  "topcow_ct_007": {
    "binary_dice": 0.8162991838221365,
    "class_dice": {
      "1": 0.8618181818129588,
      "2": 0.7697547683871271,
      "3": 0.7661612130824729,
      "4": 0.887114337564838,
      "5": 0.8441926345549279,
      "6": 0.9025830258269277,
      "7": 0.7679205109952597,
      "8": 0.0,
      "9": 0.0,
      "10": 0.0,
      "11": 0.7325383304898777,
      "12": 0.7578172900014849
    },
    "mean_class_dice": 0.6074916910596563,
    "cldice": 0.8700729483089821,
    "hausdorff95": 0.75,
    "volumetric_similarity": 0.8452917529540748
  },
  "topcow_ct_010": {
    "binary_dice": 0.8797642436144991,
    "class_dice": {
      "1": 0.8962962962896571,
      "2": 0.7231004589458282,
      "3": 0.8291721419130804,
      "4": 0.8549537648590358,
      "5": 0.0,
      "6": 0.9189068100337838,
      "7": 0.891700404853787,
      "8": 0.2518740629647395,
      "10": 0.794520547908926,
      "11": 0.8462572837254763,
      "12": 0.8541959681160142
    },
    "mean_class_dice": 0.7146343399645753,
    "cldice": 0.9392793892120105,
    "hausdorff95": 0.431640625,
    "volumetric_similarity": 0.88811394891945
  },
  "topcow_ct_014": {
    "binary_dice": 0.8078665766887034,
    "class_dice": {
      "1": 0.8703517587852226,
      "2": 0.46613896217707884,
      "3": 0.0,
      "4": 0.2171850289920022,
      "5": 0.5156136528648104,
      "6": 0.0,
      "7": 0.0,
      "10": 0.5962732918884301,
      "11": 0.1818181818164952,
      "12": 0.023887079261412734,
      "13": 0.12499999999479167
    },
    "mean_class_dice": 0.27238799598002217,
    "cldice": 0.884379968713976,
    "hausdorff95": 0.75,
    "volumetric_similarity": 0.8209775378386195
  },
  "topcow_ct_016": {
    "binary_dice": 0.935501413965121,
    "class_dice": {
      "1": 0.9154155986784497,
      "2": 0.9395424836524549,
      "3": 0.8922742110941662,
      "4": 0.94711305191195,
      "5": 0.9356775300131404,
      "6": 0.9220462850126551,
      "7": 0.9394347240873063,
      "10": 0.5321100916943019,
      "11": 0.9097154072575578,
      "12": 0.8708791208751334
    },
    "mean_class_dice": 0.8804208504277117,
    "cldice": 0.9492871419832085,
    "hausdorff95": 0.431640625,
    "volumetric_similarity": 0.9796606482488579
  },
  "topcow_ct_020": {
    "binary_dice": 0.9492091133355469,
    "class_dice": {
      "1": 0.9426038264071741,
      "2": 0.9156844968185343,
      "3": 0.9157631359389845,
      "4": 0.9273118279530008,
      "5": 0.926879505654718,
      "6": 0.9465215333604046,
      "7": 0.9421641790956888,
      "10": 0.49999999994318184,
      "11": 0.9076086956460082,
      "12": 0.9089506172769372
    },
    "mean_class_dice": 0.8833487818094632,
    "cldice": 0.9657504676050642,
    "hausdorff95": 0.4609375,
    "volumetric_similarity": 0.9998548831809607
  },
  "topcow_ct_024": {
    "binary_dice": 0.8519843672588473,
    "class_dice": {
      "1": 0.8120035304429656,
      "2": 0.8295739348266971,
      "3": 0.8568207440763427,
      "4": 0.8633093525145352,
      "5": 0.7204428627887686,
      "6": 0.8991896272256105,
      "7": 0.6747796894642267,
      "10": 0.7986577180940048,
      "11": 0.8026402640211048,
      "12": 0.8744186046470958
    },
    "mean_class_dice": 0.8131836328101352,
    "cldice": 0.8919932840872816,
    "hausdorff95": 0.699951171875,
    "volumetric_similarity": 0.8832498486266307
  },
  "topcow_ct_028": {
    "binary_dice": 0.8032278814099741,
    "class_dice": {
      "1": 0.7948717948639559,
      "2": 0.7738343771692845,
      "3": 0.7947932618622146,
      "4": 0.8423574508824037,
      "5": 0.8364576599816649,
      "6": 0.8779610194876223,
      "7": 0.7527417746722197,
      "8": 0.2878787878715182,
      "9": 0.03418803418511213,
      "10": 0.8235294117162629,
      "11": 0.4234234234206987,
      "12": 0.6078799249502445
    },
    "mean_class_dice": 0.6541597434219334,
    "cldice": 0.8378589643779673,
    "hausdorff95": 0.9066372590698979,
    "volumetric_similarity": 0.8159756739371966
  },
  "topcow_ct_037": {
    "binary_dice": 0.7595613048366283,
    "class_dice": {
      "1": 0.8381046396820383,
      "2": 0.7179670722952113,
      "3": 0.5701719312252292,
      "4": 0.7978250123559124,
      "5": 0.8023369036001222,
      "6": 0.7728426395922741,
      "7": 0.8057553956781834,
      "9": 0.0,
      "10": 0.7317073170136824,
      "11": 0.4603104212839898,
      "12": 0.7345758354732179
    },
    "mean_class_dice": 0.6574179243818056,
    "cldice": 0.8543095064303372,
    "hausdorff95": 1.0121635725791804,
    "volumetric_similarity": 0.7714426321709786
  },
  "topcow_ct_044": {
    "binary_dice": 0.8597228923961813,
    "class_dice": {
      "1": 0.8329979879219787,
      "2": 0.8154631655666269,
      "3": 0.6563307493455255,
      "4": 0.5580210985792724,
      "5": 0.6449136276360609,
      "6": 0.3324130314724881,
      "7": 0.0,
      "9": 0.015503875967790397,
      "10": 0.7499999999800532,
      "11": 0.6661818181769733,
      "12": 0.6940170940131395
    },
    "mean_class_dice": 0.5423493135145372,
    "cldice": 0.893816076032049,
    "hausdorff95": 0.75,
    "volumetric_similarity": 0.8824705314675674
  },
  "topcow_ct_046": {
    "binary_dice": 0.8909648434708044,
    "class_dice": {
      "1": 0.8734030197343391,
      "2": 0.9477993858654268,
      "3": 0.8995363214698681,
      "4": 0.9019434628935427,
      "5": 0.9309366130470111,
      "6": 0.9377115775188297,
      "7": 0.9070758738200592,
      "9": 0.0,
      "10": 0.8707482992901106,
      "11": 0.7869535045052953,
      "12": 0.8330134356952463,
      "13": 0.2886597938084812
    },
    "mean_class_dice": 0.7648151073040176,
    "cldice": 0.8814299961267769,
    "hausdorff95": 0.8653401811717694,
    "volumetric_similarity": 0.9535762675604365
  },
  "topcow_ct_059": {
    "binary_dice": 0.8734854647425296,
    "class_dice": {
      "1": 0.8903591682377583,
      "2": 0.8779296874957133,
      "3": 0.8341105929324844,
      "4": 0.916845365735247,
      "5": 0.8858895705467124,
      "6": 0.8846661388205737,
      "7": 0.8668192219639963,
      "8": 0.0,
      "10": 0.0,
      "11": 0.7531806615752126,
      "12": 0.7370042356536889
    },
    "mean_class_dice": 0.6951640584510352,
    "cldice": 0.9177810644341895,
    "hausdorff95": 0.3984375,
    "volumetric_similarity": 0.8865864623025217
  },
  "topcow_ct_061": {
    "binary_dice": 0.8258942703380612,
    "class_dice": {
      "1": 0.9276177090588362,
      "2": 0.7597340930602116,
      "3": 0.644920782845807,
      "4": 0.8229342327103827,
      "5": 0.7631271878557395,
      "6": 0.8688046647194136,
      "7": 0.8346456692803852,