{
  "average_metrics": {
    "binary_dice": 0.885566707473898,
    "mean_class_dice": 0.648439634981586,
    "cldice": 0.9280174933340161,
    "hausdorff95": 0.5489218868188922,
    "volumetric_similarity": 0.9144866252288931
  },
  "topcow_ct_002": {
    "binary_dice": 0.7599180480532874,
    "class_dice": {
      "1": 0.8294736842061607,
      "2": 0.0,
      "3": 0.5009487666015144,
      "4": 0.37100737100585174,
      "5": 0.7362978283312498,
      "6": 0.6333897349107913,
      "7": 0.7523260965850584,
      "8": 0.0,
      "9": 0.0,
      "10": 0.0,
      "11": 0.07155025553632219,
      "12": 0.3230016313203165
    },
    "mean_class_dice": 0.35149961404143876,
    "cldice": 0.8923313890944712,
    "hausdorff95": 0.699951171875,
    "volumetric_similarity": 0.768485751536599
  },
  "topcow_ct_005": {
    "binary_dice": 0.702895003100394,
    "class_dice": {
      "1": 0.7678339818367845,
      "2": 0.6951813751992681,
      "3": 0.6059670781861833,
      "4": 0.7750516528915612,
      "5": 0.6763285024124887,
      "6": 0.6678678678670655,
      "7": 0.6705694518325143,
      "8": 0.5241379310254459,
      "10": 0.7128712870581316,
      "11": 0.6596675415544196,
      "12": 0.5818353831571342
    },
    "mean_class_dice": 0.6670283684564544,
    "cldice": 0.8353568338814198,
    "hausdorff95": 1.0943078934308206,
    "volumetric_similarity": 0.7169294037011652
  },
  "topcow_ct_007": {
    "binary_dice": 0.9017657577107164,
    "class_dice": {
      "1": 0.8913168487585319,
      "2": 0.6467513069406516,
      "3": 0.7598355842586034,
      "4": 0.9135716764980438,
      "5": 0.88096839273113,
      "6": 0.9369940161881838,
      "7": 0.8496042216302797,
      "8": 0.8916408668454601,
      "9": 0.8527607361701607,
      "10": 0.0,
      "11": 0.8288854003096343,
      "12": 0.852585258521163
    },
    "mean_class_dice": 0.7754095257376535,
    "cldice": 0.9339552292915388,
    "hausdorff95": 0.544921875,
    "volumetric_similarity": 0.9406571300849351
  },
  "topcow_ct_010": {
    "binary_dice": 0.8946276005208791,
    "class_dice": {
      "1": 0.8890543559129632,
      "2": 0.8271604938225188,
      "3": 0.8701056556813542,
      "4": 0.8846851515913846,
      "5": 0.0,
      "6": 0.9199379019717899,
      "7": 0.891337005503799,
      "8": 0.7423117709359246,
      "10": 0.7326732672904617,
      "11": 0.8561372635246101,
      "12": 0.8527204502774263
    },
    "mean_class_dice": 0.7696475742283848,
    "cldice": 0.9476959772292514,
    "hausdorff95": 0.431640625,
    "volumetric_similarity": 0.9072742192402374
  },
  "topcow_ct_014": {
    "binary_dice": 0.8192886588046981,
    "class_dice": {
      "1": 0.8849557522036877,
      "2": 0.2539021852210832,
      "3": 0.0,
      "4": 0.2977022977008107,
      "5": 0.5142428785568648,
      "6": 0.0,
      "7": 0.0,
      "10": 0.5512820512467127,
      "11": 0.17373737373561882,
      "12": 0.17179023507982108,
      "13": 0.23622047243164485
    },
    "mean_class_dice": 0.2803484769251131,
    "cldice": 0.9075868010755196,
    "hausdorff95": 0.75,
    "volumetric_similarity": 0.8275333141597162
  },
  "topcow_ct_016": {
    "binary_dice": 0.9333333333328464,
    "class_dice": {
      "1": 0.9372016158614132,
      "2": 0.9557796741586053,
      "3": 0.9172552976744841,
      "4": 0.9105022831008653,
      "5": 0.9273356401343974,
      "6": 0.8696145124667256,
      "7": 0.880996309959036,
      "10": 0.4672897195824963,
      "11": 0.9046954904653431,
      "12": 0.9066022544246917
    },
    "mean_class_dice": 0.8677272797828058,
    "cldice": 0.9603521368945572,
    "hausdorff95": 0.431640625,
    "volumetric_similarity": 0.978716744913928
  },
  "topcow_ct_020": {
    "binary_dice": 0.9454934093331346,
    "class_dice": {
      "1": 0.9372423270685423,
      "2": 0.9121863799201417,
      "3": 0.880503144647166,
      "4": 0.9271410310995861,
      "5": 0.7874564459838855,
      "6": 0.9407302038836381,
      "7": 0.846534653458362,
      "10": 0.7090909090264463,
      "11": 0.9218543046296567,
      "12": 0.8973384030350013
    },
    "mean_class_dice": 0.8760077802752427,
    "cldice": 0.9668901223980915,
    "hausdorff95": 0.4609375,
    "volumetric_similarity": 0.9821161382258639
  },
  "topcow_ct_024": {
    "binary_dice": 0.8713666631429704,
    "class_dice": {
      "1": 0.9242424242354225,
      "2": 0.8774038461433005,
      "3": 0.877995642696743,
      "4": 0.47709320694851454,
      "5": 0.0,
      "6": 0.7160297239896072,
      "7": 0.5767276422749575,
      "10": 0.8014705882058283,
      "11": 0.4632478632439039,
      "12": 0.7788235294087106
    },
    "mean_class_dice": 0.6493034467146989,
    "cldice": 0.9017748498494677,
    "hausdorff95": 0.6380533845862988,
    "volumetric_similarity": 0.9278088996934785
  },
  "topcow_ct_028": {
    "binary_dice": 0.8358090034711537,
    "class_dice": {
      "1": 0.8404154862999017,
      "2": 0.771731448757797,
      "3": 0.7990832696654006,
      "4": 0.8909512760979539,
      "5": 0.6585858585825324,
      "6": 0.8842042755318166,
      "7": 0.4117647058797202,
      "8": 0.8235294117504579,
      "9": 0.5696969696624425,
      "10": 0.7613636363203771,
      "11": 0.4612476370481333,
      "12": 0.639277652367317
    },
    "mean_class_dice": 0.7093209689969875,
    "cldice": 0.8819481864305485,
    "hausdorff95": 0.70001220703125,
    "volumetric_similarity": 0.8476466905696887
  },
  "topcow_ct_037": {
    "binary_dice": 0.855063128059503,
    "class_dice": {
      "1": 0.8920387432060193,
      "2": 0.8336594911910188,
      "3": 0.6932358318073374,
      "4": 0.8463876548963143,
      "5": 0.850134609629524,
      "6": 0.8134099616842655,
      "7": 0.8431137724500413,
      "9": 0.06639004149102115,
      "10": 0.8682170541962622,
      "11": 0.745467730236601,
      "12": 0.7956161137417191
    },
    "mean_class_dice": 0.7497882731391022,
    "cldice": 0.9187380950634187,
    "hausdorff95": 0.4806116403377315,
    "volumetric_similarity": 0.8743236279309456
  },
  "topcow_ct_044": {
    "binary_dice": 0.8975120438191133,
    "class_dice": {
      "1": 0.9277667329295709,
      "2": 0.9230769230699618,
      "3": 0.9075630252005508,
      "4": 0.5250611246927719,
      "5": 0.6574585635328847,
      "6": 0.0,
      "7": 0.0,
      "8": 0.0,
      "9": 0.4015151514999426,
      "10": 0.6647727272538416,
      "11": 0.7375565610804107,
      "12": 0.7804347826044542
    },
    "mean_class_dice": 0.5437671326553657,
    "cldice": 0.9134099360188508,
    "hausdorff95": 0.431640625,
    "volumetric_similarity": 0.9301128489408038
  },
  "topcow_ct_046": {
    "binary_dice": 0.9106193418588082,
    "class_dice": {
      "1": 0.9039408866883751,
      "2": 0.7952095808287999,
      "3": 0.7490144546550721,
      "4": 0.8850421659969595,
      "5": 0.07644444444376494,
      "6": 0.9394586894553438,
      "7": 0.02316602316579956,
      "9": 0.8405797101296997,
      "10": 0.8689655172114149,
      "11": 0.6394265232929074,
      "12": 0.782383419684052,
      "13": 0.3826429980200662
    },
    "mean_class_dice": 0.6571895344643547,
    "cldice": 0.9245836668697939,
    "hausdorff95": 0.431640625,
    "volumetric_similarity": 0.945681850840638
  },
  "topcow_ct_059": {
    "binary_dice": 0.9118279569888773,
    "class_dice": {
      "1": 0.8994464944607959,
      "2": 0.9246729815023695,
      "3": 0.8821339950317486,
      "4": 0.9325097231733414,
      "5": 0.921626399523149,
      "6": 0.9183520599228007,
      "7": 0.9114139693317231,
      "8": 0.30681818180074893,
      "10": 0.0,
      "11": 0.7941747572789832,
      "12": 0.7887419464198415
    },
    "mean_class_dice": 0.7527173189495909,
    "cldice": 0.9398313575179962,
    "hausdorff95": 0.3984375,
    "volumetric_similarity": 0.9447758165956583
  },
  "topcow_ct_061": {
    "binary_dice": 0.8062414541938339,
    "class_dice": {
      "1": 0.8596112310953232,
      "2": 0.7202380952309501,
      "3": 0.6391752577259684,
      "4": 0.6187499999972378,