{
  "average_metrics": {
    "binary_dice": 0.8462564028693264,
    "mean_class_dice": 0.39315814635255136,
    "cldice": 0.8936394229272855,
    "hausdorff95": 0.6488254887983435,
    "volumetric_similarity": 0.8657479916870642
  },
  "topcow_ct_002": {
    "binary_dice": 0.7767525134275459,
    "class_dice": {
      "1": 0.8294314381231275,
      "2": 0.43667296786183046,
      "3": 0.1912602913224113,
      "4": 0.6632096069850895,
      "5": 0.5695581014711307,
      "6": 0.5843270868799646,
      "7": 0.0,
      "8": 0.0,
      "10": 0.0,
      "11": 0.19315589353538726,
      "12": 0.27414772727175374
    },
    "mean_class_dice": 0.3401602830409723,
    "cldice": 0.8863663450179138,
    "hausdorff95": 0.699951171875,
    "volumetric_similarity": 0.7858421704999311
  },
  "topcow_ct_005": {
    "binary_dice": 0.7339595605792918,
    "class_dice": {
      "1": 0.8552941176420278,
      "2": 0.4028712427079279,
      "3": 0.14311270125138276,
      "4": 0.35741639009400383,
      "5": 0.533716842439969,
      "6": 0.30196936542634806,
      "7": 0.0,
      "8": 0.0,
      "10": 0.5656565655994287,
      "11": 0.23072943610848046,
      "12": 0.4189189189172539
    },
    "mean_class_dice": 0.3463350527442566,
    "cldice": 0.835611874236777,
    "hausdorff95": 0.8492658249371925,
    "volumetric_similarity": 0.7482248049673619
  },
  "topcow_ct_007": {
    "binary_dice": 0.8369370445580953,
    "class_dice": {
      "1": 0.9098457888439512,
      "2": 0.5622857142825013,
      "3": 0.3437779767202885,
      "4": 0.46483640466165915,
      "5": 0.5980066445154343,
      "6": 0.43893412287032224,
      "7": 0.0,
      "8": 0.0,
      "9": 0.0,
      "11": 0.15518491660511108,
      "12": 0.47663551401646437
    },
    "mean_class_dice": 0.3590460984105211,
    "cldice": 0.8940307357207918,
    "hausdorff95": 0.544921875,
    "volumetric_similarity": 0.8676382749970135
  },
  "topcow_ct_010": {
    "binary_dice": 0.8928536985240173,
    "class_dice": {
      "1": 0.9650924024574601,
      "2": 0.21820303383770012,
      "3": 0.25399999999873,
      "4": 0.4649599172473107,
      "5": 0.0,
      "6": 0.5646950092408395,
      "7": 0.0,
      "8": 0.0,
      "10": 0.7714285713918367,
      "11": 0.29493087557433795,
      "12": 0.5846715328445815
    },
    "mean_class_dice": 0.37436194023570885,
    "cldice": 0.929463765733779,
    "hausdorff95": 0.431640625,
    "volumetric_similarity": 0.9083807503134342
  },
  "topcow_ct_014": {
    "binary_dice": 0.8695572964102116,
    "class_dice": {
      "1": 0.940726577428865,
      "2": 0.319623971794129,
      "3": 0.4388270980744305,
      "4": 0.2902458366352875,
      "5": 0.5283560660407154,
      "6": 0.5833720390126179,
      "7": 0.0,
      "10": 0.5234899328507725,
      "11": 0.3372365339538965,
      "12": 0.5876840696078469,
      "13": 0.0
    },
    "mean_class_dice": 0.4135965568544146,
    "cldice": 0.9108475566181273,
    "hausdorff95": 0.552734375,
    "volumetric_similarity": 0.8859537256330844
  },
  "topcow_ct_016": {
    "binary_dice": 0.920350011217792,
    "class_dice": {
      "1": 0.9227323628185042,
      "2": 0.4936170212723948,
      "3": 0.6427406198986257,
      "4": 0.32589838909339597,
      "5": 0.6546031746010965,
      "6": 0.40629761299946016,
      "7": 0.0,
      "10": 0.3720930232269695,
      "11": 0.5717932354781634,
      "12": 0.6671918077957181
    },
    "mean_class_dice": 0.5056967247184329,
    "cldice": 0.9429136960996922,
    "hausdorff95": 0.431640625,
    "volumetric_similarity": 0.9476105003365493
  },
  "topcow_ct_020": {
    "binary_dice": 0.9205813270692009,
    "class_dice": {
      "1": 0.9271582733771261,
      "2": 0.43772893772492927,
      "3": 0.5369340746581658,
      "4": 0.25630810092791295,
      "5": 0.527677929543295,
      "6": 0.5943170147189514,
      "7": 0.0,
      "10": 0.5168539325261963,
      "11": 0.4741873804925986,
      "12": 0.6037735849017322
    },
    "mean_class_dice": 0.48749392288709076,
    "cldice": 0.9460161944163624,
    "hausdorff95": 0.4609375,
    "volumetric_similarity": 0.98825601879037
  },
  "topcow_ct_024": {
    "binary_dice": 0.7686073535541573,
    "class_dice": {
      "1": 0.8730290456359086,
      "2": 0.41726618704435586,
      "3": 0.5656309448283727,
      "4": 0.29730726669016116,
      "5": 0.5135658914712095,
      "6": 0.23110755697628507,
      "7": 0.0,
      "10": 0.4021164020951261,
      "11": 0.004149377593317952,
      "12": 0.5557949159820949
    },
    "mean_class_dice": 0.38599675883168316,
    "cldice": 0.855360699165912,
    "hausdorff95": 0.699951171875,
    "volumetric_similarity": 0.7910136463857935
  },
  "topcow_ct_028": {
    "binary_dice": 0.7622930866597113,
    "class_dice": {
      "1": 0.7768924302711465,
      "2": 0.29131652660860424,
      "3": 0.3226812158977188,
      "4": 0.30394857667445385,
      "5": 0.48788927335429116,
      "6": 0.4532349983223157,
      "7": 0.0,
      "8": 0.0,
      "9": 0.0,
      "10": 0.571428571387755,
      "11": 0.19394773039756572,
      "12": 0.39611054247494315
    },
    "mean_class_dice": 0.31645415544906613,
    "cldice": 0.820181926840878,
    "hausdorff95": 0.9066372590698979,
    "volumetric_similarity": 0.7677702044790653
  },
  "topcow_ct_037": {
    "binary_dice": 0.759189954880641,
    "class_dice": {
      "1": 0.892717665975436,
      "2": 0.23432182790357647,
      "3": 0.3416589577541115,
      "4": 0.4900437105379067,
      "5": 0.6577075098796898,
      "6": 0.5399955187081784,
      "7": 0.0,
      "9": 0.0,
      "10": 0.588235294059977,
      "11": 0.11682476285513319,
      "12": 0.49389889598926817
    },
    "mean_class_dice": 0.3959458312421161,
    "cldice": 0.8396159463707309,
    "hausdorff95": 0.8234037736214612,
    "volumetric_similarity": 0.7775873526634256
  },
  "topcow_ct_044": {
    "binary_dice": 0.8807464414623164,
    "class_dice": {
      "1": 0.8402282453577731,
      "2": 0.5029325513159609,
      "3": 0.35157159487367207,
      "4": 0.39184397162946877,
      "5": 0.6429240862200426,
      "6": 0.4135999999983456,
      "7": 0.0,
      "9": 0.0,
      "10": 0.0,
      "11": 0.5734597156352808,
      "12": 0.7393316195334739
    },
    "mean_class_dice": 0.4050810713240016,
    "cldice": 0.90812719873779,
    "hausdorff95": 0.431640625,
    "volumetric_similarity": 0.895865967445345
  },
  "topcow_ct_046": {
    "binary_dice": 0.8141508685644371,
    "class_dice": {
      "1": 0.9293193717155848,
      "2": 0.6855733662060965,
      "3": 0.7138263665480092,
      "4": 0.18105849582046618,
      "5": 0.6042966042924166,
      "6": 0.643210235531715,
      "7": 0.0,
      "9": 0.0,
      "10": 0.5529953916795854,
      "11": 0.3319415448817125,
      "12": 0.6039850560360898,
      "13": 0.0
    },
    "mean_class_dice": 0.43718386939263976,
    "cldice": 0.8235869500073691,
    "hausdorff95": 0.8653401811717694,
    "volumetric_similarity": 0.8360434679146506
  },
  "topcow_ct_059": {
    "binary_dice": 0.8276352643040823,
    "class_dice": {
      "1": 0.91457286431743,
      "2": 0.6083294337828342,
      "3": 0.3449848024289895,
      "4": 0.5612506406956401,
      "5": 0.5123715264540831,
      "6": 0.5859564164633146,
      "7": 0.0,
      "8": 0.0,
      "10": 0.0,
      "11": 0.295944779981467,
      "12": 0.5022146507648988
    },
    "mean_class_dice": 0.39323864680805976,
    "cldice": 0.8942808710935648,
    "hausdorff95": 0.5634757162580301,
    "volumetric_similarity": 0.8438180767349842
  },
  "topcow_ct_061": {
    "binary_dice": 0.8697148843815986,
    "class_dice": {
      "1": 0.7259552042112916,
      "2": 0.41988003427232323,
      "3": 0.31970935512879467,
      "4": 0.15598149372005302,
      "5": 0.6204863669814261,
      "6": 0.5359565807308821,
      "7": 0.0,
      "8": 0.0,
      "9": 0.0,
      "10": 0.33684210522770086,
      "11": 0.11650485436780093,
      "12": 0.4653020469272826
    },
    "mean_class_dice": 0.3080515034639629,