{
  "average_metrics": {
    "binary_dice": 0.825889735274063,
    "mean_class_dice": 0.379351994729235,
    "cldice": 0.8746286430334369,
    "hausdorff95": 0.9027071684209466,
    "volumetric_similarity": 0.8481539640882383
  },
  "topcow_ct_002": {
    "binary_dice": 0.7433228131326283,
    "class_dice": {
      "1": 0.821931101403096,
      "2": 0.4395813510921048,
      "3": 0.17487046632011097,
      "4": 0.6056592414190076,
      "5": 0.5287201881070585,
      "6": 0.6060606060580194,
      "7": 0.0,
      "8": 0.0,
      "10": 0.0,
      "11": 0.18929110105509317,
      "12": 0.24617625637200957
    },
    "mean_class_dice": 0.3283900283478636,
    "cldice": 0.8643214483890876,
    "hausdorff95": 0.699951171875,
    "volumetric_similarity": 0.7541570493193274
  },
  "topcow_ct_005": {
    "binary_dice": 0.7098843425014708,
    "class_dice": {
      "1": 0.8586635127092924,
      "2": 0.4750758560881011,
      "3": 0.13984168865343113,
      "4": 0.33145256527971206,
      "5": 0.5172413793086622,
      "6": 0.2974705676648823,
      "7": 0.0,
      "8": 0.0,
      "10": 0.5714285713702624,
      "11": 0.21531869308936627,
      "12": 0.43045037863519153
    },
    "mean_class_dice": 0.3488130193453547,
    "cldice": 0.8231977093425762,
    "hausdorff95": 1.411124364702222,
    "volumetric_similarity": 0.7264068422587229
  },
  "topcow_ct_007": {
    "binary_dice": 0.8057904020431812,
    "class_dice": {
      "1": 0.8707093821460486,
      "2": 0.5865921787676727,
      "3": 0.26212590299007094,
      "4": 0.486385676984385,
      "5": 0.5782414306975746,
      "6": 0.4181264280258259,
      "7": 0.0,
      "8": 0.0,
      "9": 0.0,
      "11": 0.12962962962870636,
      "12": 0.39840637450000793
    },
    "mean_class_dice": 0.339110636703663,
    "cldice": 0.8727089748866829,
    "hausdorff95": 0.7706359060587764,
    "volumetric_similarity": 0.846907122437808
  },
  "topcow_ct_010": {
    "binary_dice": 0.8800893985031192,
    "class_dice": {
      "1": 0.9283366206382095,
      "2": 0.20685434516397275,
      "3": 0.2584378013488021,
      "4": 0.40287032291029506,
      "5": 0.0,
      "6": 0.49831325301084745,
      "7": 0.0,
      "8": 0.0,
      "10": 0.7942583731677388,
      "11": 0.16637579988268544,
      "12": 0.5273408239680624
    },
    "mean_class_dice": 0.3438897581900558,
    "cldice": 0.9149238236866429,
    "hausdorff95": 0.75,
    "volumetric_similarity": 0.9001068895151103
  },
  "topcow_ct_014": {
    "binary_dice": 0.847501622322381,
    "class_dice": {
      "1": 0.9385052033969868,
      "2": 0.2591687041533109,
      "3": 0.3676767676730538,
      "4": 0.3272727272701402,
      "5": 0.5158906134477762,
      "6": 0.5644292013691111,
      "7": 0.0,
      "10": 0.4931506848977294,
      "11": 0.34403669724376107,
      "12": 0.567307692303796,
      "13": 0.0
    },
    "mean_class_dice": 0.3979489356141514,
    "cldice": 0.8901686249262645,
    "hausdorff95": 0.75,
    "volumetric_similarity": 0.8662278668767962
  },
  "topcow_ct_016": {
    "binary_dice": 0.9217139354761678,
    "class_dice": {
      "1": 0.9064220183452976,
      "2": 0.4533333333297778,
      "3": 0.5761177136356757,
      "4": 0.3285899094416003,
      "5": 0.6597115679636094,
      "6": 0.43882709807664905,
      "7": 0.0,
      "10": 0.40336134450391925,
      "11": 0.489060489057342,
      "12": 0.6421587798175903
    },
    "mean_class_dice": 0.4897582254171461,
    "cldice": 0.9367406959825522,
    "hausdorff95": 0.431640625,
    "volumetric_similarity": 0.9545885106145874
  },
  "topcow_ct_020": {
    "binary_dice": 0.9167827553332966,
    "class_dice": {
      "1": 0.9237668161393553,
      "2": 0.37411526794363886,
      "3": 0.5422740524741817,
      "4": 0.21632382216180276,
      "5": 0.5160349854189794,
      "6": 0.5585088022072541,
      "7": 0.0,
      "10": 0.5494505493901704,
      "11": 0.4999999999952108,
      "12": 0.6387832699579292
    },
    "mean_class_dice": 0.4819257565688522,
    "cldice": 0.9437824688132896,
    "hausdorff95": 0.4609375,
    "volumetric_similarity": 0.9893687220470709
  },
  "topcow_ct_024": {
    "binary_dice": 0.7596630623091226,
    "class_dice": {
      "1": 0.8946515397010159,
      "2": 0.3061224489743857,
      "3": 0.5793699814664647,
      "4": 0.24844236760027866,
      "5": 0.5009683666865689,
      "6": 0.2537878787869175,
      "7": 0.0,
      "10": 0.11464968152135989,
      "11": 0.011516314779160113,
      "12": 0.5037428445596489
    },
    "mean_class_dice": 0.34132514240757994,
    "cldice": 0.8457673188544818,
    "hausdorff95": 0.699951171875,
    "volumetric_similarity": 0.7879801660792162
  },
  "topcow_ct_028": {
    "binary_dice": 0.7393640012344925,
    "class_dice": {
      "1": 0.8157423971304496,
      "2": 0.381526104415117,
      "3": 0.14455445544411333,
      "4": 0.27287993282840944,
      "5": 0.47594050743448846,
      "6": 0.28948360346668117,
      "7": 0.0,
      "8": 0.0,
      "9": 0.0,
      "10": 0.6285714285265306,
      "11": 0.19974391805249844,
      "12": 0.3578378378359036
    },
    "mean_class_dice": 0.29719001542784934,
    "cldice": 0.8093062717654851,
    "hausdorff95": 1.0742276988957196,
    "volumetric_similarity": 0.7497375733251004
  },
  "topcow_ct_037": {
    "binary_dice": 0.7264191824350981,
    "class_dice": {
      "1": 0.9066913637395075,
      "2": 0.269598470362,
      "3": 0.2622622622613872,
      "4": 0.3867557039499534,
      "5": 0.5994413407804485,
      "6": 0.50032376429851,
      "7": 0.0,
      "9": 0.0,
      "10": 0.7142857142219388,
      "11": 0.18575851393093004,
      "12": 0.5515826494708336
    },
    "mean_class_dice": 0.39788179845595545,
    "cldice": 0.8067929692677502,
    "hausdorff95": 1.6252347336471507,
    "volumetric_similarity": 0.7379026433627041
  },
  "topcow_ct_044": {
    "binary_dice": 0.8453088924642514,
    "class_dice": {
      "1": 0.8206559664981113,
      "2": 0.47518796992123924,
      "3": 0.25939393939079525,
      "4": 0.3817767653741149,
      "5": 0.6324298620987522,
      "6": 0.4036066981519811,
      "7": 0.0,
      "9": 0.0,
      "10": 0.0,
      "11": 0.5474683544260486,
      "12": 0.7029063509111793
    },
    "mean_class_dice": 0.38394780970656567,
    "cldice": 0.8730566797074544,
    "hausdorff95": 0.86328125,
    "volumetric_similarity": 0.8657384733785769
  },
  "topcow_ct_046": {
    "binary_dice": 0.7834317611837364,
    "class_dice": {
      "1": 0.9141347423921514,
      "2": 0.585987261139032,
      "3": 0.6656298600207522,
      "4": 0.29350649350458763,
      "5": 0.6184210526270584,
      "6": 0.6424615384595617,
      "7": 0.003350083752037687,
      "9": 0.0,
      "10": 0.5529953916795854,
      "11": 0.2459893048102033,
      "12": 0.5115979381410336,
      "13": 0.0
    },
    "mean_class_dice": 0.419506138877167,
    "cldice": 0.7905827094059805,
    "hausdorff95": 1.9312772187225324,
    "volumetric_similarity": 0.8128792168918373
  },
  "topcow_ct_059": {
    "binary_dice": 0.806566867169822,
    "class_dice": {
      "1": 0.8990825688032152,
      "2": 0.5714285714255812,
      "3": 0.40772532188549554,
      "4": 0.5676392572929241,
      "5": 0.4897326617571107,
      "6": 0.6011073029248587,
      "7": 0.0,
      "8": 0.0,
      "10": 0.0,
      "11": 0.2511013215847969,
      "12": 0.4894810659169373
    },
    "mean_class_dice": 0.3888452792355382,
    "cldice": 0.8753413000425266,
    "hausdorff95": 0.70001220703125,
    "volumetric_similarity": 0.8238433358961603
  },
  "topcow_ct_061": {
    "binary_dice": 0.8354644892922234,
    "class_dice": {
      "1": 0.7439851943199014,
      "2": 0.40530303029919224,
      "3": 0.24024024023783544,
      "4": 0.11138923654498506,
      "5": 0.5918674698750613,
      "6": 0.4517098835007452,
      "7": 0.0,
      "8": 0.0,
      "9": 0.0,
      "10": 0.09638554215706199,
      "11": 0.04887585532699046,
      "12": 0.45812310796943434
    },
    "mean_class_dice": 0.26232329668593396,