{
  "average_metrics": {
    "binary_dice": 0.825843185691963,
    "mean_class_dice": 0.37939438002709047,
    "cldice": 0.8746071891287385,
    "hausdorff95": 0.9027071684209466,
    "volumetric_similarity": 0.8481173896973745
  },
  "topcow_ct_002": {
    "binary_dice": 0.7432986291040923,
    "class_dice": {
      "1": 0.821931101403096,
      "2": 0.43937232524755415,
      "3": 0.1736876215154006,
      "4": 0.6054769786319426,
      "5": 0.5290756302503224,
      "6": 0.6054654141733328,
      "7": 0.0,
      "8": 0.0,
      "10": 0.0,
      "11": 0.18921975122431506,
      "12": 0.24553734061841334
    },
    "mean_class_dice": 0.3281605602785797,
    "cldice": 0.8647568666140114,
    "hausdorff95": 0.699951171875,
    "volumetric_similarity": 0.7540396664625242
  },
  "topcow_ct_005": {
    "binary_dice": 0.7099261370996793,
    "class_dice": {
      "1": 0.8586635127092924,
      "2": 0.47329570125717196,
      "3": 0.1407894736832843,
      "4": 0.33188919522078,
      "5": 0.5172413793086622,
      "6": 0.29826401025247784,
      "7": 0.0,
      "8": 0.0,
      "10": 0.5714285713702624,
      "11": 0.21543408360013167,
      "12": 0.4317005177203039
    },
    "mean_class_dice": 0.34897331319294245,
    "cldice": 0.8231977093425762,
    "hausdorff95": 1.411124364702222,
    "volumetric_similarity": 0.7264481015938836
  },
  "topcow_ct_007": {
    "binary_dice": 0.8057177615566875,
    "class_dice": {
      "1": 0.8707093821460486,
      "2": 0.5859374999967303,
      "3": 0.25853154084530994,
      "4": 0.4856396866822617,
      "5": 0.5782414306975746,
      "6": 0.4167619047603171,
      "7": 0.0,
      "8": 0.0,
      "9": 0.0,
      "11": 0.12972202423286014,
      "12": 0.39920358387058635
    },
    "mean_class_dice": 0.3386133684756081,
    "cldice": 0.8727089748866829,
    "hausdorff95": 0.7706359060587764,
    "volumetric_similarity": 0.8468369829683698
  },
  "topcow_ct_010": {
    "binary_dice": 0.8800893985031192,
    "class_dice": {
      "1": 0.9283366206382095,
      "2": 0.20478234212014237,
      "3": 0.25999037072575837,
      "4": 0.4024609074585941,
      "5": 0.0,
      "6": 0.4981932064550754,
      "7": 0.0,
      "8": 0.0,
      "10": 0.7942583731677388,
      "11": 0.16637579988268544,
      "12": 0.5273408239680624
    },
    "mean_class_dice": 0.34379440403784245,
    "cldice": 0.9149238236866429,
    "hausdorff95": 0.75,
    "volumetric_similarity": 0.9001068895151103
  },
  "topcow_ct_014": {
    "binary_dice": 0.847501622322381,
    "class_dice": {
      "1": 0.9385052033969868,
      "2": 0.2591687041533109,
      "3": 0.3676767676730538,
      "4": 0.3272727272701402,
      "5": 0.5158906134477762,
      "6": 0.5644292013691111,
      "7": 0.0,
      "10": 0.4931506848977294,
      "11": 0.34403669724376107,
      "12": 0.567307692303796,
      "13": 0.0
    },
    "mean_class_dice": 0.3979489356141514,
    "cldice": 0.8901686249262645,
    "hausdorff95": 0.75,
    "volumetric_similarity": 0.8662278668767962
  },
  "topcow_ct_016": {
    "binary_dice": 0.9215511477596826,
    "class_dice": {
      "1": 0.9064220183452976,
      "2": 0.45191555902695923,
      "3": 0.5736961451214644,
      "4": 0.3309631544904269,
      "5": 0.6599140577020874,
      "6": 0.44006069802508824,
      "7": 0.0,
      "10": 0.40336134450391925,
      "11": 0.489060489057342,
      "12": 0.6419077404196954
    },
    "mean_class_dice": 0.489730120669228,
    "cldice": 0.9367406959825522,
    "hausdorff95": 0.431640625,
    "volumetric_similarity": 0.9546467572988634
  },
  "topcow_ct_020": {
    "binary_dice": 0.9167827553332966,
    "class_dice": {
      "1": 0.9237668161393553,
      "2": 0.37449392712171564,
      "3": 0.5433357611031076,
      "4": 0.21661129567962387,
      "5": 0.5160349854189794,
      "6": 0.5601931700567085,
      "7": 0.0,
      "10": 0.5494505493901704,
      "11": 0.4995215310956984,
      "12": 0.6379201014544204
    },
    "mean_class_dice": 0.4821328137459779,
    "cldice": 0.9437824688132896,
    "hausdorff95": 0.4609375,
    "volumetric_similarity": 0.9893687220470709
  },
  "topcow_ct_024": {
    "binary_dice": 0.7595148473437536,
    "class_dice": {
      "1": 0.8946515397010159,
      "2": 0.3061224489743857,
      "3": 0.5793699814664647,
      "4": 0.24902723735311663,
      "5": 0.5009683666865689,
      "6": 0.2533181645800026,
      "7": 0.0,
      "10": 0.11464968152135989,
      "11": 0.013435700575686799,
      "12": 0.5048458149757497
    },
    "mean_class_dice": 0.341638893583435,
    "cldice": 0.8457553499901985,
    "hausdorff95": 0.699951171875,
    "volumetric_similarity": 0.7878353348867778
  },
  "topcow_ct_028": {
    "binary_dice": 0.7393640012344925,
    "class_dice": {
      "1": 0.8157423971304496,
      "2": 0.37993311036535166,
      "3": 0.14073339940395704,
      "4": 0.2731092436963315,
      "5": 0.47594050743448846,
      "6": 0.29077212805916847,
      "7": 0.0,
      "8": 0.0,
      "9": 0.0,
      "10": 0.6285714285265306,
      "11": 0.19859064701986812,
      "12": 0.35764451647564754
    },
    "mean_class_dice": 0.29675311484264943,
    "cldice": 0.8093062717654851,
    "hausdorff95": 1.0742276988957196,
    "volumetric_similarity": 0.7497375733251004
  },
  "topcow_ct_037": {
    "binary_dice": 0.7264651717037783,
    "class_dice": {
      "1": 0.9066913637395075,
      "2": 0.27125119388600166,
      "3": 0.26243739565855617,
      "4": 0.3875451765349248,
      "5": 0.5994413407804485,
      "6": 0.5002159827203019,
      "7": 0.0,
      "9": 0.0,
      "10": 0.7142857142219388,
      "11": 0.1868869385638261,
      "12": 0.5530169888677416
    },
    "mean_class_dice": 0.3983429177248406,
    "cldice": 0.8067929692677502,
    "hausdorff95": 1.6252347336471507,
    "volumetric_similarity": 0.7379482179612176
  },
  "topcow_ct_044": {
    "binary_dice": 0.8453088924642514,
    "class_dice": {
      "1": 0.8206559664981113,
      "2": 0.4748309541662297,
      "3": 0.2572815533949359,
      "4": 0.3835990888365212,
      "5": 0.6324298620987522,
      "6": 0.4053241734632661,
      "7": 0.0,
      "9": 0.0,
      "10": 0.0,
      "11": 0.5479018210566279,
      "12": 0.703604088215688
    },
    "mean_class_dice": 0.3841479552481939,
    "cldice": 0.8730566797074544,
    "hausdorff95": 0.86328125,
    "volumetric_similarity": 0.8657384733785769
  },
  "topcow_ct_046": {
    "binary_dice": 0.7833333333326995,
    "class_dice": {
      "1": 0.9141347423921514,
      "2": 0.5921219822034037,
      "3": 0.6708268330628576,
      "4": 0.29518855656505083,
      "5": 0.6188734454965701,
      "6": 0.6426814268122919,
      "7": 0.003350083752037687,
      "9": 0.0,
      "10": 0.5529953916795854,
      "11": 0.2459893048102033,
      "12": 0.5115979381410336,
      "13": 0.0
    },
    "mean_class_dice": 0.4206466420762655,
    "cldice": 0.7905827094059805,
    "hausdorff95": 1.9312772187225324,
    "volumetric_similarity": 0.8127831715210356
  },
  "topcow_ct_059": {
    "binary_dice": 0.8066208393628769,
    "class_dice": {
      "1": 0.8990825688032152,
      "2": 0.5711297071099837,
      "3": 0.4080171796678023,
      "4": 0.5683987274640286,
      "5": 0.4897326617571107,
      "6": 0.6014244262711648,
      "7": 0.0,
      "8": 0.0,
      "10": 0.0,
      "11": 0.25187142227982445,
      "12": 0.48965275341813524
    },
    "mean_class_dice": 0.3890281315246604,
    "cldice": 0.8753397965592474,
    "hausdorff95": 0.70001220703125,
    "volumetric_similarity": 0.823896526772793
  },
  "topcow_ct_061": {
    "binary_dice": 0.8351055632602595,
    "class_dice": {
      "1": 0.7439851943199014,
      "2": 0.40453686199995714,
      "3": 0.23694779116227963,
      "4": 0.11111111111041753,
      "5": 0.5918674698750613,
      "6": 0.44913338357027455,
      "7": 0.0,
      "8": 0.0,
      "9": 0.0,
      "10": 0.09638554215706199,
      "11": 0.04887585532699046,
      "12": 0.45812310796943434
    },
    "mean_class_dice": 0.2617471931242815,