{
  "average_metrics": {
    "binary_dice": 0.867896412049512,
    "mean_class_dice": 0.6115103839972748,
    "cldice": 0.9095165780099719,
    "hausdorff95": 0.7002435351747913,
    "volumetric_similarity": 0.8930606596602305
  },
  "topcow_ct_002": {
    "binary_dice": 0.7812758145934918,
    "class_dice": {
      "1": 0.8280254777026114,
      "2": 0.7146908678348571,
      "3": 0.7308429118738945,
      "4": 0.8004829459680034,
      "5": 0.7956671590310406,
      "6": 0.8245487364591172,
      "7": 0.7595505617943391,
      "8": 0.0,
      "11": 0.45258910558018633,
      "12": 0.4219696969680986
    },
    "mean_class_dice": 0.6328367463212148,
    "cldice": 0.8927235579233874,
    "hausdorff95": 0.699951171875,
    "volumetric_similarity": 0.7862322166131253
  },
  "topcow_ct_005": {
    "binary_dice": 0.7241192411921811,
    "class_dice": {
      "1": 0.8010139416932762,
      "2": 0.6952743074378313,
      "3": 0.6550868486319847,
      "4": 0.7918438829111936,
      "5": 0.6762904636890801,
      "6": 0.711615640407394,
      "7": 0.7181310309765458,
      "8": 0.0,
      "10": 0.6666666666031746,
      "11": 0.6790017211674743,
      "12": 0.6267539756752725
    },
    "mean_class_dice": 0.6383344071993843,
    "cldice": 0.8372448696162844,
    "hausdorff95": 1.1645867108254542,
    "volumetric_similarity": 0.7466284074605452
  },
  "topcow_ct_007": {
    "binary_dice": 0.8294262245933033,
    "class_dice": {
      "1": 0.8663426488404232,
      "2": 0.37003610107969287,
      "3": 0.6577571179508556,
      "4": 0.867443554257584,
      "5": 0.817391304341903,
      "6": 0.8980477223394865,
      "7": 0.8198504418707013,
      "8": 0.0677966101656612,
      "9": 0.0,
      "10": 0.0,
      "11": 0.7272727272685691,
      "12": 0.7902097902051853
    },
    "mean_class_dice": 0.5735123348600052,
    "cldice": 0.8853431458220486,
    "hausdorff95": 0.75,
    "volumetric_similarity": 0.8633611127765454
  },
  "topcow_ct_010": {
    "binary_dice": 0.9151064132336754,
    "class_dice": {
      "1": 0.9229671897223755,
      "2": 0.8824833702833565,
      "3": 0.9196906603157663,
      "4": 0.8800416341377049,
      "5": 0.0,
      "6": 0.9365745856332893,
      "7": 0.9121621621577599,
      "8": 0.7666314677849353,
      "10": 0.790697674381828,
      "11": 0.8667540410621811,
      "12": 0.8995515695026927
    },
    "mean_class_dice": 0.7979594868165354,
    "cldice": 0.9437152907912653,
    "hausdorff95": 0.431640625,
    "volumetric_similarity": 0.9269564393041665
  },
  "topcow_ct_014": {
    "binary_dice": 0.8566407695145609,
    "class_dice": {
      "1": 0.9061611374321692,
      "2": 0.533446232002257,
      "3": 0.0,
      "4": 0.5049668874151285,
      "5": 0.525411596273977,
      "6": 0.0,
      "7": 0.0,
      "10": 0.6181818181443526,
      "11": 0.4424934152726735,
      "12": 0.295114656028962,
      "13": 0.33457249069388206
    },
    "mean_class_dice": 0.3782134757512184,
    "cldice": 0.9195933662043697,
    "hausdorff95": 0.552734375,
    "volumetric_similarity": 0.8688494265630781
  },
  "topcow_ct_016": {
    "binary_dice": 0.9348082912678902,
    "class_dice": {
      "1": 0.9240366972443155,
      "2": 0.9549407114549018,
      "3": 0.905063291134467,
      "4": 0.924660739349908,
      "5": 0.7033084311595341,
      "6": 0.9002949852454261,
      "7": 0.7601880877713159,
      "10": 0.39999999996,
      "11": 0.9090029041582334,
      "12": 0.901384083041084
    },
    "mean_class_dice": 0.8282879930519187,
    "cldice": 0.9565889027676304,
    "hausdorff95": 0.431640625,
    "volumetric_similarity": 0.9924820105251853
  },
  "topcow_ct_020": {
    "binary_dice": 0.9487382270465534,
    "class_dice": {
      "1": 0.9519813519769139,
      "2": 0.9071235347077807,
      "3": 0.8949919224483442,
      "4": 0.9327046720920159,
      "5": 0.7676056337938074,
      "6": 0.9328859060357964,
      "7": 0.8496732026074374,
      "10": 0.6990291261457253,
      "11": 0.9157266091511896,
      "12": 0.899390243895584
    },
    "mean_class_dice": 0.8751112202854594,
    "cldice": 0.9670729123820562,
    "hausdorff95": 0.4609375,
    "volumetric_similarity": 0.9910130131569488
  },
  "topcow_ct_024": {
    "binary_dice": 0.8641377454932127,
    "class_dice": {
      "1": 0.9021827000735475,
      "2": 0.8192161820376838,
      "3": 0.8657381615550656,
      "4": 0.6635382449523063,
      "5": 0.0,
      "6": 0.7832087406532973,
      "7": 0.5978483606542063,
      "10": 0.7956989247026631,
      "11": 0.6337386018188926,
      "12": 0.8193079880357996
    },
    "mean_class_dice": 0.6880477904483462,
    "cldice": 0.9061319558964923,
    "hausdorff95": 0.6380533845862988,
    "volumetric_similarity": 0.9083669626042508
  },
  "topcow_ct_028": {
    "binary_dice": 0.8001170617496048,
    "class_dice": {
      "1": 0.8387681159344316,
      "2": 0.7476635513964942,
      "3": 0.7966488956527293,
      "4": 0.866603595076317,
      "5": 0.6985334057539461,
      "6": 0.8648648648622386,
      "7": 0.5585689555651554,
      "8": 0.2204724409390952,
      "9": 0.0,
      "10": 0.7613636363203771,
      "11": 0.3721236028903871,
      "12": 0.5820256776006562
    },
    "mean_class_dice": 0.6089697284993189,
    "cldice": 0.8406379732630882,
    "hausdorff95": 0.9066372590698979,
    "volumetric_similarity": 0.8148668422592917
  },
  "topcow_ct_037": {
    "binary_dice": 0.7954475755611151,
    "class_dice": {
      "1": 0.8663928485120407,
      "2": 0.7803547066821953,
      "3": 0.615981380913049,
      "4": 0.7780263484942133,
      "5": 0.8108974358948369,
      "6": 0.7825005183479525,
      "7": 0.7972116603244791,
      "9": 0.0,
      "10": 0.8346456692256184,
      "11": 0.6960784313699243,
      "12": 0.7461368653398104
    },
    "mean_class_dice": 0.7007478059185563,
    "cldice": 0.8814059563943711,
    "hausdorff95": 0.75,
    "volumetric_similarity": 0.8090775888506492
  },
  "topcow_ct_044": {
    "binary_dice": 0.8571626873952962,
    "class_dice": {
      "1": 0.8747433264827191,
      "2": 0.5977496483783562,
      "3": 0.20916905443826406,
      "4": 0.4855527638175705,
      "5": 0.6682442025524457,
      "6": 0.0,
      "7": 0.0,
      "9": 0.0,
      "10": 0.633720930214136,
      "11": 0.4970930232522014,
      "12": 0.5220680958352959
    },
    "mean_class_dice": 0.4080310040882717,
    "cldice": 0.8939104994801338,
    "hausdorff95": 0.75,
    "volumetric_similarity": 0.8747917823431427
  },
  "topcow_ct_046": {
    "binary_dice": 0.8668356695490107,
    "class_dice": {
      "1": 0.885496183194841,
      "2": 0.5467625899201904,
      "3": 0.6455981941236388,
      "4": 0.8896925858910955,
      "5": 0.16094210009655602,
      "6": 0.9292791253811777,
      "7": 0.12859884836728794,
      "9": 0.0,
      "10": 0.8115942028691451,
      "11": 0.6696969696918963,
      "12": 0.8105610561002604,
      "13": 0.07962529273818207
    },
    "mean_class_dice": 0.5464872623645226,
    "cldice": 0.8569029575493904,
    "hausdorff95": 1.1435709495267719,
    "volumetric_similarity": 0.9059051595586043
  },
  "topcow_ct_059": {
    "binary_dice": 0.8780241511335557,
    "class_dice": {
      "1": 0.8948356807469726,
      "2": 0.8869565217348456,
      "3": 0.8639498432547715,
      "4": 0.893576676935545,
      "5": 0.8408945686847228,
      "6": 0.9124748490922725,
      "7": 0.8931530745708978,
      "8": 0.0,
      "10": 0.0,
      "11": 0.7317401548275606,
      "12": 0.7613595706591723
    },
    "mean_class_dice": 0.6980855400460692,
    "cldice": 0.9232591143718897,
    "hausdorff95": 0.3984375,
    "volumetric_similarity": 0.905793747633273
  },
  "topcow_ct_061": {
    "binary_dice": 0.803601575688718,
    "class_dice": {
      "1": 0.8788093550610999,
      "2": 0.6137463697907672,
      "3": 0.5288753799338514,
      "4": 0.01425855513301208,
      "5": 0.23823823823585347,
      "6": 0.0,
      "7": 0.0,
      "8": 0.0,
      "9": 0.0,
      "10": 0.637037036989849,
      "11": 0.028189910979019364,