{
  "average_metrics": {
    "binary_dice": 0.8856187333557513,
    "mean_class_dice": 0.6485775663334272,
    "cldice": 0.9280656404999585,
    "hausdorff95": 0.5489218868188922,
    "volumetric_similarity": 0.914558738500782
  },
  "topcow_ct_002": {
    "binary_dice": 0.76014897579108,
    "class_dice": {
      "1": 0.8294736842061607,
      "2": 0.0,
      "3": 0.5009487666015144,
      "4": 0.3730061349677996,
      "5": 0.7376033057813141,
      "6": 0.6335684062041367,
      "7": 0.7523260965850584,
      "8": 0.0,
      "9": 0.0,
      "10": 0.0,
      "11": 0.07401105912346231,
      "12": 0.3233180927487808
    },
    "mean_class_dice": 0.35202129551818556,
    "cldice": 0.8928427502364821,
    "hausdorff95": 0.699951171875,
    "volumetric_similarity": 0.7687150837988826
  },
  "topcow_ct_005": {
    "binary_dice": 0.702937336814392,
    "class_dice": {
      "1": 0.768632534019646,
      "2": 0.6951813751992681,
      "3": 0.6059670781861833,
      "4": 0.7752098127814394,
      "5": 0.6757469244258535,
      "6": 0.6678678678670655,
      "7": 0.6705694518325143,
      "8": 0.5241379310254459,
      "10": 0.7128712870581316,
      "11": 0.6596675415544196,
      "12": 0.5818353831571342
    },
    "mean_class_dice": 0.667062471555191,
    "cldice": 0.8353622499115748,
    "hausdorff95": 1.0943078934308206,
    "volumetric_similarity": 0.7169712793733681
  },
  "topcow_ct_007": {
    "binary_dice": 0.9018775145278822,
    "class_dice": {
      "1": 0.8913168487585319,
      "2": 0.6487695749392337,
      "3": 0.760728982946733,
      "4": 0.9135716764980438,
      "5": 0.88096839273113,
      "6": 0.9369940161881838,
      "7": 0.8496042216302797,
      "8": 0.8916408668454601,
      "9": 0.8527607361701607,
      "10": 0.0,
      "11": 0.8288854003096343,
      "12": 0.852585258521163
    },
    "mean_class_dice": 0.7756521646282128,
    "cldice": 0.9339552292915388,
    "hausdorff95": 0.544921875,
    "volumetric_similarity": 0.9406571300849351
  },
  "topcow_ct_010": {
    "binary_dice": 0.8945208785899615,
    "class_dice": {
      "1": 0.8890543559129632,
      "2": 0.8271604938225188,
      "3": 0.8694029850692202,
      "4": 0.8846851515913846,
      "5": 0.0,
      "6": 0.9196983141062118,
      "7": 0.891337005503799,
      "8": 0.7423117709359246,
      "10": 0.7326732672904617,
      "11": 0.8561372635246101,
      "12": 0.8527204502774263
    },
    "mean_class_dice": 0.7695619143667746,
    "cldice": 0.9476959772292514,
    "hausdorff95": 0.431640625,
    "volumetric_similarity": 0.907168718320058
  },
  "topcow_ct_014": {
    "binary_dice": 0.819401840490012,
    "class_dice": {
      "1": 0.8849557522036877,
      "2": 0.2539021852210832,
      "3": 0.0,
      "4": 0.29755366949427087,
      "5": 0.5142428785568648,
      "6": 0.0,
      "7": 0.0,
      "10": 0.5512820512467127,
      "11": 0.17391304347650238,
      "12": 0.17344173441577743,
      "13": 0.23622047243164485
    },
    "mean_class_dice": 0.28050107154968584,
    "cldice": 0.9075877109035657,
    "hausdorff95": 0.75,
    "volumetric_similarity": 0.8276457055214724
  },
  "topcow_ct_016": {
    "binary_dice": 0.9333889729273729,
    "class_dice": {
      "1": 0.9372016158614132,
      "2": 0.9557796741586053,
      "3": 0.9178013111401019,
      "4": 0.9105022831008653,
      "5": 0.9273356401343974,
      "6": 0.8696145124667256,
      "7": 0.880996309959036,
      "10": 0.4672897195824963,
      "11": 0.9046954904653431,
      "12": 0.9066022544246917
    },
    "mean_class_dice": 0.8677818811293676,
    "cldice": 0.9608082625691553,
    "hausdorff95": 0.431640625,
    "volumetric_similarity": 0.9786656929737625
  },
  "topcow_ct_020": {
    "binary_dice": 0.9454260473062515,
    "class_dice": {
      "1": 0.9372423270685423,
      "2": 0.9113697403678481,
      "3": 0.880503144647166,
      "4": 0.9271410310995861,
      "5": 0.7874564459838855,
      "6": 0.9407302038836381,
      "7": 0.846534653458362,
      "10": 0.7090909090264463,
      "11": 0.9218543046296567,
      "12": 0.8973384030350013
    },
    "mean_class_dice": 0.8759261163200133,
    "cldice": 0.9669030115739438,
    "hausdorff95": 0.4609375,
    "volumetric_similarity": 0.982046166999145
  },
  "topcow_ct_024": {
    "binary_dice": 0.8712149236374406,
    "class_dice": {
      "1": 0.9235427706213207,
      "2": 0.8760529482445721,
      "3": 0.8769063180780126,
      "4": 0.4670912951142936,
      "5": 0.0,
      "6": 0.7135306553892349,
      "7": 0.5765811531608418,
      "10": 0.8014705882058283,
      "11": 0.46061643835222077,
      "12": 0.7785182281427734
    },
    "mean_class_dice": 0.6474310395309099,
    "cldice": 0.9017748498494677,
    "hausdorff95": 0.6380533845862988,
    "volumetric_similarity": 0.9278655604291074
  },
  "topcow_ct_028": {
    "binary_dice": 0.8358090034711537,
    "class_dice": {
      "1": 0.8404154862999017,
      "2": 0.771731448757797,
      "3": 0.7990832696654006,
      "4": 0.8909512760979539,
      "5": 0.6592629984822854,
      "6": 0.8842042755318166,
      "7": 0.4117647058797202,
      "8": 0.8235294117504579,
      "9": 0.5696969696624425,
      "10": 0.7613636363203771,
      "11": 0.4612476370481333,
      "12": 0.638663053294315
    },
    "mean_class_dice": 0.7093261807325502,
    "cldice": 0.8819410096011226,
    "hausdorff95": 0.70001220703125,
    "volumetric_similarity": 0.8476466905696887
  },
  "topcow_ct_037": {
    "binary_dice": 0.8552106144528999,
    "class_dice": {
      "1": 0.8923004251277934,
      "2": 0.8340397782822496,
      "3": 0.6932358318073374,
      "4": 0.8463876548963143,
      "5": 0.850134609629524,
      "6": 0.8134099616842655,
      "7": 0.8431137724500413,
      "9": 0.06611570247660678,
      "10": 0.8682170541962622,
      "11": 0.7459224356623925,
      "12": 0.7956161137417191
    },
    "mean_class_dice": 0.7498630309049552,
    "cldice": 0.9188984703789334,
    "hausdorff95": 0.4806116403377315,
    "volumetric_similarity": 0.8744686332603375
  },
  "topcow_ct_044": {
    "binary_dice": 0.8974392819423855,
    "class_dice": {
      "1": 0.9277667329295709,
      "2": 0.9222641509364358,
      "3": 0.9075630252005508,
      "4": 0.5250611246927719,
      "5": 0.6574585635328847,
      "6": 0.0,
      "7": 0.0,
      "8": 0.0,
      "9": 0.4075471697959416,
      "10": 0.6685552407742619,
      "11": 0.7371601208403539,
      "12": 0.7810972297621885
    },
    "mean_class_dice": 0.5445394465387468,
    "cldice": 0.9127794682808184,
    "hausdorff95": 0.431640625,
    "volumetric_similarity": 0.9300422386483632
  },
  "topcow_ct_046": {
    "binary_dice": 0.9106193418588082,
    "class_dice": {
      "1": 0.9039408866883751,
      "2": 0.8052256531970876,
      "3": 0.7559681697512471,
      "4": 0.8850421659969595,
      "5": 0.07644444444376494,
      "6": 0.9394586894553438,
      "7": 0.02316602316579956,
      "9": 0.8405797101296997,
      "10": 0.8689655172114149,
      "11": 0.6389684813707811,
      "12": 0.782383419684052,
      "13": 0.37944664030870656
    },
    "mean_class_dice": 0.658299150116936,
    "cldice": 0.9245836668697939,
    "hausdorff95": 0.431640625,
    "volumetric_similarity": 0.945681850840638
  },
  "topcow_ct_059": {
    "binary_dice": 0.9118279569888773,
    "class_dice": {
      "1": 0.8994464944607959,
      "2": 0.9246729815023695,
      "3": 0.8821339950317486,
      "4": 0.9325097231733414,
      "5": 0.921626399523149,
      "6": 0.9183520599228007,
      "7": 0.9114139693317231,
      "8": 0.30681818180074893,
      "10": 0.0,
      "11": 0.7941747572789832,
      "12": 0.7887419464198415
    },
    "mean_class_dice": 0.7527173189495909,
    "cldice": 0.9398313575179962,
    "hausdorff95": 0.3984375,
    "volumetric_similarity": 0.9447758165956583
  },
  "topcow_ct_061": {
    "binary_dice": 0.8062414541938339,
    "class_dice": {
      "1": 0.8596112310953232,
      "2": 0.7202380952309501,
      "3": 0.6391752577259684,
      "4": 0.6196428571400909,