{
  "average_metrics": {
    "binary_dice": 0.826351798333435,
    "mean_class_dice": 0.38013616646056336,
    "cldice": 0.8750342177073748,
    "hausdorff95": 0.9007530178983104,
    "volumetric_similarity": 0.8486483444126824
  },
  "topcow_ct_002": {
    "binary_dice": 0.744234208791893,
    "class_dice": {
      "1": 0.8226744186006654,
      "2": 0.43937232524755415,
      "3": 0.1760517799341356,
      "4": 0.6104248267532075,
      "5": 0.5312290127584579,
      "6": 0.6123142250504785,
      "7": 0.0,
      "8": 0.0,
      "10": 0.0,
      "11": 0.1885369532421247,
      "12": 0.24454148471526732
    },
    "mean_class_dice": 0.32955863875471736,
    "cldice": 0.8651774686873737,
    "hausdorff95": 0.699951171875,
    "volumetric_similarity": 0.7551539113244846
  },
  "topcow_ct_005": {
    "binary_dice": 0.7098007451803953,
    "class_dice": {
      "1": 0.8586635127092924,
      "2": 0.47350130321253914,
      "3": 0.14201183431859296,
      "4": 0.3294645212340682,
      "5": 0.5174096973624556,
      "6": 0.30156703424225006,
      "7": 0.0,
      "8": 0.0,
      "10": 0.5714285713702624,
      "11": 0.2039720880289642,
      "12": 0.4254473161016881
    },
    "mean_class_dice": 0.3475878071436466,
    "cldice": 0.8228583561271494,
    "hausdorff95": 1.411124364702222,
    "volumetric_similarity": 0.7263243155677952
  },
  "topcow_ct_007": {
    "binary_dice": 0.8071688942886955,
    "class_dice": {
      "1": 0.8707093821460486,
      "2": 0.5800671892464723,
      "3": 0.25667351129099925,
      "4": 0.488486221213709,
      "5": 0.5790778383709515,
      "6": 0.4350112697203794,
      "7": 0.0,
      "8": 0.0,
      "9": 0.0,
      "11": 0.12775017742989533,
      "12": 0.3934426229488652
    },
    "mean_class_dice": 0.3392016556697564,
    "cldice": 0.873104443984611,
    "hausdorff95": 0.7706359060587764,
    "volumetric_similarity": 0.8482381530984204
  },
  "topcow_ct_010": {
    "binary_dice": 0.8804273919374063,
    "class_dice": {
      "1": 0.9283366206382095,
      "2": 0.20307692307567338,
      "3": 0.26187050359586633,
      "4": 0.4019482184045067,
      "5": 0.0,
      "6": 0.4975915221567977,
      "7": 0.0,
      "8": 0.0,
      "10": 0.7942583731677388,
      "11": 0.16705607476537934,
      "12": 0.5311450951117824
    },
    "mean_class_dice": 0.3441166664469049,
    "cldice": 0.9149129525858503,
    "hausdorff95": 0.75,
    "volumetric_similarity": 0.9005342399222924
  },
  "topcow_ct_014": {
    "binary_dice": 0.8486476472759831,
    "class_dice": {
      "1": 0.9395085066073772,
      "2": 0.26097560975291495,
      "3": 0.3663967611298948,
      "4": 0.30867143993390084,
      "5": 0.5151739452219455,
      "6": 0.5601558694565993,
      "7": 0.0,
      "10": 0.4931506848977294,
      "11": 0.3463302752253861,
      "12": 0.5731874144967635,
      "13": 0.0
    },
    "mean_class_dice": 0.39668640970204644,
    "cldice": 0.8910667855354459,
    "hausdorff95": 0.75,
    "volumetric_similarity": 0.8671730270470545
  },
  "topcow_ct_016": {
    "binary_dice": 0.9219368139516788,
    "class_dice": {
      "1": 0.906823184149278,
      "2": 0.4550430023420247,
      "3": 0.5746734809734545,
      "4": 0.33697749195924775,
      "5": 0.66052227342347,
      "6": 0.439370877724813,
      "7": 0.0,
      "10": 0.41666666663194446,
      "11": 0.48679974243086416,
      "12": 0.6406249999974976
    },
    "mean_class_dice": 0.4917501719632593,
    "cldice": 0.937004260487855,
    "hausdorff95": 0.431640625,
    "volumetric_similarity": 0.9545885106145874
  },
  "topcow_ct_020": {
    "binary_dice": 0.9166238908844199,
    "class_dice": {
      "1": 0.9233527566072464,
      "2": 0.3720930232520516,
      "3": 0.5416058394121052,
      "4": 0.21985343104450467,
      "5": 0.513157894733091,
      "6": 0.5629731589794805,
      "7": 0.0,
      "10": 0.5494505493901704,
      "11": 0.4971209213004116,
      "12": 0.6405063291098703
    },
    "mean_class_dice": 0.4820113903828932,
    "cldice": 0.9443826655584876,
    "hausdorff95": 0.4609375,
    "volumetric_similarity": 0.9892205030431913
  },
  "topcow_ct_024": {
    "binary_dice": 0.7601864021981358,
    "class_dice": {
      "1": 0.8973322554494961,
      "2": 0.3123938879403668,
      "3": 0.5814814814778921,
      "4": 0.2541650523043233,
      "5": 0.5029088558484069,
      "6": 0.251237152644647,
      "7": 0.0,
      "10": 0.11464968152135989,
      "11": 0.01149425287345312,
      "12": 0.5019850022033437
    },
    "mean_class_dice": 0.3427647622263289,
    "cldice": 0.8473213920910253,
    "hausdorff95": 0.699951171875,
    "volumetric_similarity": 0.7879077548094157
  },
  "topcow_ct_028": {
    "binary_dice": 0.7388645209113863,
    "class_dice": {
      "1": 0.8157423971304496,
      "2": 0.37826961770370043,
      "3": 0.14426877470213173,
      "4": 0.274328859059252,
      "5": 0.47568988173247617,
      "6": 0.28970199924447493,
      "7": 0.0,
      "8": 0.0,
      "9": 0.0,
      "10": 0.6285714285265306,
      "11": 0.19640564826574838,
      "12": 0.3545945945926779
    },
    "mean_class_dice": 0.2964644334131202,
    "cldice": 0.8085858354685472,
    "hausdorff95": 1.0742276988957196,
    "volumetric_similarity": 0.7491196639278433
  },
  "topcow_ct_037": {
    "binary_dice": 0.7274039328880652,
    "class_dice": {
      "1": 0.9077029840367622,
      "2": 0.2735938989500782,
      "3": 0.26342114037924835,
      "4": 0.3831801726527898,
      "5": 0.6038997214467858,
      "6": 0.4997843898221221,
      "7": 0.0,
      "9": 0.0,
      "10": 0.7142857142219388,
      "11": 0.18801652892464868,
      "12": 0.5537650161132325
    },
    "mean_class_dice": 0.3988772333225097,
    "cldice": 0.8079816307897617,
    "hausdorff95": 1.6252347336471507,
    "volumetric_similarity": 0.7389500270611582
  },
  "topcow_ct_044": {
    "binary_dice": 0.8467020681939305,
    "class_dice": {
      "1": 0.8209059233392272,
      "2": 0.47640449437845395,
      "3": 0.25790754257593784,
      "4": 0.38196042337606095,
      "5": 0.6308788598544852,
      "6": 0.41443736730184955,
      "7": 0.0,
      "9": 0.0,
      "10": 0.0,
      "11": 0.5734597156352808,
      "12": 0.7217158176905002
    },
    "mean_class_dice": 0.38887910401379955,
    "cldice": 0.8737103672865748,
    "hausdorff95": 0.86328125,
    "volumetric_similarity": 0.8672442705422023
  },
  "topcow_ct_046": {
    "binary_dice": 0.7830097087372305,
    "class_dice": {
      "1": 0.9141347423921514,
      "2": 0.581724581717095,
      "3": 0.6676875957018731,
      "4": 0.2941176470569012,
      "5": 0.6226834692318556,
      "6": 0.6472749540702778,
      "7": 0.010050251256113061,
      "9": 0.0,
      "10": 0.5596330274972645,
      "11": 0.21697099892355562,
      "12": 0.5035143769935878,
      "13": 0.0
    },
    "mean_class_dice": 0.4181493037367228,
    "cldice": 0.7921791899527102,
    "hausdorff95": 1.8824234556566304,
    "volumetric_similarity": 0.8127831715210356
  },
  "topcow_ct_059": {
    "binary_dice": 0.8078955689051863,
    "class_dice": {
      "1": 0.8990825688032152,
      "2": 0.5772230889205553,
      "3": 0.40833932422423913,
      "4": 0.5712768781508594,
      "5": 0.4905222437118355,
      "6": 0.6052009456248878,
      "7": 0.0,
      "8": 0.0,
      "10": 0.0,
      "11": 0.2553751645447329,
      "12": 0.4908835904611119
    },
    "mean_class_dice": 0.39071852767649423,
    "cldice": 0.876170810906969,
    "hausdorff95": 0.70001220703125,
    "volumetric_similarity": 0.8253308640860021
  },
  "topcow_ct_061": {
    "binary_dice": 0.8352850539284782,
    "class_dice": {
      "1": 0.7424336009836786,
      "2": 0.41729323307878485,
      "3": 0.24419778001771747,
      "4": 0.11152882205443905,
      "5": 0.5918674698750613,
      "6": 0.45379413974284827,
      "7": 0.0,
      "8": 0.0,
      "9": 0.0,
      "10": 0.09638554215706199,
      "11": 0.04887585532699046,
      "12": 0.4578920827006662
    },
    "mean_class_dice": 0.26368904382810404,