{
  "average_metrics": {
    "binary_dice": 0.9077355967687343,
    "mean_class_dice": 0.73138121679905,
    "cldice": 0.9460672308763977,
    "hausdorff95": 0.49293037511250787,
    "volumetric_similarity": 0.9354240120666454
  },
  "topcow_ct_002": {
    "binary_dice": 0.809103078982236,
    "class_dice": {
      "1": 0.8384050367217293,
      "2": 0.7391543108141727,
      "3": 0.7488196411673805,
      "4": 0.8371958285027892,
      "5": 0.8186577820046709,
      "6": 0.8457711442756014,
      "7": 0.8015631784593941,
      "8": 0.5660377358223567,
      "10": 0.0,
      "11": 0.457237936770525,
      "12": 0.44228614120118687
    },
    "mean_class_dice": 0.6450117032490733,
    "cldice": 0.9165947051697754,
    "hausdorff95": 0.6463397921783286,
    "volumetric_similarity": 0.8198125836680054
  },
  "topcow_ct_005": {
    "binary_dice": 0.7906779917175617,
    "class_dice": {
      "1": 0.8057644110225203,
      "2": 0.7682051282011887,
      "3": 0.6767578124966955,
      "4": 0.8506585136396393,
      "5": 0.735872750101566,
      "6": 0.793626541524835,
      "7": 0.7550717466563331,
      "8": 0.6035313001508261,
      "10": 0.7184466018719955,
      "11": 0.736196319015394,
      "12": 0.691655510929533
    },
    "mean_class_dice": 0.7396169668736843,
    "cldice": 0.8950202785119179,
    "hausdorff95": 0.75,
    "volumetric_similarity": 0.811715987062842
  },
  "topcow_ct_007": {
    "binary_dice": 0.9276936581078957,
    "class_dice": {
      "1": 0.9195804195750608,
      "2": 0.8884803921514187,
      "3": 0.9276944065421031,
      "4": 0.9354504659960806,
      "5": 0.9139504563173798,
      "6": 0.9454163750841659,
      "7": 0.9032258064460098,
      "8": 0.9129129128854981,
      "9": 0.8862973760674548,
      "10": 0.0,
      "11": 0.8614916286105455,
      "12": 0.8802588996716275
    },
    "mean_class_dice": 0.8312299282789454,
    "cldice": 0.9530974094000977,
    "hausdorff95": 0.544921875,
    "volumetric_similarity": 0.9599517226245337
  },
  "topcow_ct_010": {
    "binary_dice": 0.9106606248505077,
    "class_dice": {
      "1": 0.9014705882286658,
      "2": 0.8594377509990854,
      "3": 0.8846391116540121,
      "4": 0.8943463801460877,
      "5": 0.0,
      "6": 0.9326859412912543,
      "7": 0.9029999999954851,
      "8": 0.8387734915841862,
      "10": 0.7887323943291674,
      "11": 0.8714596949853096,
      "12": 0.8846329229325827
    },
    "mean_class_dice": 0.796288934195076,
    "cldice": 0.9535225628553854,
    "hausdorff95": 0.431640625,
    "volumetric_similarity": 0.9202003338898164
  },
  "topcow_ct_014": {
    "binary_dice": 0.8817359855326566,
    "class_dice": {
      "1": 0.9116809116722538,
      "2": 0.8804733727706453,
      "3": 0.8404588112529671,
      "4": 0.574209245739764,
      "5": 0.5736654804229633,
      "6": 0.0,
      "7": 0.0,
      "10": 0.6896551723741577,
      "11": 0.7046123650568733,
      "12": 0.6375404530692756,
      "13": 0.35294117645761247
    },
    "mean_class_dice": 0.5604760898924103,
    "cldice": 0.9455645638848,
    "hausdorff95": 0.552734375,
    "volumetric_similarity": 0.8942133815551537
  },
  "topcow_ct_016": {
    "binary_dice": 0.9447193402495638,
    "class_dice": {
      "1": 0.9350458715562017,
      "2": 0.9578361177330325,
      "3": 0.9090909090861594,
      "4": 0.9235757295001225,
      "5": 0.9306409130775652,
      "6": 0.9061757719661154,
      "7": 0.9144409234906544,
      "10": 0.46153846149408284,
      "11": 0.9235880398627263,
      "12": 0.9236641221334875
    },
    "mean_class_dice": 0.8785596859900148,
    "cldice": 0.9690490057313521,
    "hausdorff95": 0.431640625,
    "volumetric_similarity": 0.998244213886672
  },
  "topcow_ct_020": {
    "binary_dice": 0.9485730432318814,
    "class_dice": {
      "1": 0.9391304347783107,
      "2": 0.9011373578223874,
      "3": 0.8927444794882277,
      "4": 0.9389149935884712,
      "5": 0.7871853546820688,
      "6": 0.9445738239359824,
      "7": 0.8447304907413941,
      "10": 0.7115384614700444,
      "11": 0.9126723571837645,
      "12": 0.8990963855353984
    },
    "mean_class_dice": 0.8771724139226048,
    "cldice": 0.9727594744572238,
    "hausdorff95": 0.4609375,
    "volumetric_similarity": 0.9737213902232269
  },
  "topcow_ct_024": {
    "binary_dice": 0.9034299714164437,
    "class_dice": {
      "1": 0.9390902081654658,
      "2": 0.9189789123094453,
      "3": 0.9152366094596192,
      "4": 0.9126841537875937,
      "5": 0.7691622103352533,
      "6": 0.9057428214703317,
      "7": 0.808761033014682,
      "10": 0.7943262411065841,
      "11": 0.8459595959542554,
      "12": 0.9287257019398327
    },
    "mean_class_dice": 0.8738667487543064,
    "cldice": 0.9238328398031203,
    "hausdorff95": 0.451171875,
    "volumetric_similarity": 0.9644752960391997
  },
  "topcow_ct_028": {
    "binary_dice": 0.869228213929316,
    "class_dice": {
      "1": 0.8713235294037563,
      "2": 0.8247978436602104,
      "3": 0.8500365764385514,
      "4": 0.9118318867020931,
      "5": 0.8600125549224106,
      "6": 0.9067673540490655,
      "7": 0.7974927675949977,
      "8": 0.8378378378236851,
      "9": 0.6742857142471836,
      "10": 0.7868852458586402,
      "11": 0.4670807453387138,
      "12": 0.6466431095377799
    },
    "mean_class_dice": 0.7862495971314241,
    "cldice": 0.9046230281818345,
    "hausdorff95": 0.576171875,
    "volumetric_similarity": 0.8789724283025135
  },
  "topcow_ct_037": {
    "binary_dice": 0.8807915815923101,
    "class_dice": {
      "1": 0.9036283799378239,
      "2": 0.8500960922458357,
      "3": 0.7435178696540171,
      "4": 0.8501149425267813,
      "5": 0.8843948083281485,
      "6": 0.8341445151612988,
      "7": 0.8653158521998492,
      "9": 0.5791044775946536,
      "10": 0.8970588234634516,
      "11": 0.791913558728505,
      "12": 0.8349957252754774
    },
    "mean_class_dice": 0.8212986404650766,
    "cldice": 0.9391890677572318,
    "hausdorff95": 0.33984375,
    "volumetric_similarity": 0.9021517198052458
  },
  "topcow_ct_044": {
    "binary_dice": 0.9122622260245427,
    "class_dice": {
      "1": 0.9257759784013107,
      "2": 0.8030199039066368,
      "3": 0.6658097686289741,
      "4": 0.5458236658916885,
      "5": 0.666051660513533,
      "6": 0.0,
      "7": 0.0,
      "8": 0.0,
      "9": 0.4454976303106399,
      "10": 0.597014925355313,
      "11": 0.6588966588915394,
      "12": 0.7620561738168413
    },
    "mean_class_dice": 0.5058288638097064,
    "cldice": 0.9358368766743741,
    "hausdorff95": 0.431640625,
    "volumetric_similarity": 0.932929638649378
  },
  "topcow_ct_046": {
    "binary_dice": 0.9283719631381399,
    "class_dice": {
      "1": 0.9058971141668017,
      "2": 0.9253417455212898,
      "3": 0.8333333333213602,
      "4": 0.9306157849048976,
      "5": 0.9001996007894192,
      "6": 0.9388306860394092,
      "7": 0.8628127696215462,
      "9": 0.8419243986109635,
      "10": 0.8619528619238399,
      "11": 0.6479835953475873,
      "12": 0.8037151702736612,
      "13": 0.3501006036146861
    },
    "mean_class_dice": 0.8168923053446219,
    "cldice": 0.9392188760183322,
    "hausdorff95": 0.431640625,
    "volumetric_similarity": 0.9755654845015359
  },
  "topcow_ct_059": {
    "binary_dice": 0.920698494072044,
    "class_dice": {
      "1": 0.9028097650810557,
      "2": 0.9298632553995154,
      "3": 0.8812307692253464,
      "4": 0.9372328458921547,
      "5": 0.9307958477454972,
      "6": 0.9318237755330253,
      "7": 0.9147944044047699,
      "8": 0.5045871559401566,
      "10": 0.0,
      "11": 0.7946852261917283,
      "12": 0.7983539094622828
    },
    "mean_class_dice": 0.7751069958977755,
    "cldice": 0.9431379096104336,
    "hausdorff95": 0.3984375,
    "volumetric_similarity": 0.9584267862864466
  },
  "topcow_ct_061": {
    "binary_dice": 0.8842783312104828,
    "class_dice": {
      "1": 0.8579465541430524,
      "2": 0.793922127247921,
      "3": 0.7650551314608562,