{
  "average_metrics": {
    "binary_dice": 0.5424245309367589,
    "mean_class_dice": 0.2698236412145894,
    "cldice": 0.5911624750641612,
    "hausdorff95": 9.810299138006185,
    "volumetric_similarity": 0.5669650457124429
  },
  "topcow_ct_002": {
    "binary_dice": 0.5062012458608753,
    "class_dice": {
      "1": 0.8146410136048117,
      "2": 0.2526439482946378,
      "3": 0.20095044127494263,
      "4": 0.10047846889904077,
      "5": 0.0,
      "6": 0.0,
      "7": 0.0,
      "8": 0.0,
      "10": 0.0,
      "11": 0.2960969044404573,
      "12": 0.13624220836982973
    },
    "mean_class_dice": 0.16373208953488366,
    "cldice": 0.6182922215815072,
    "hausdorff95": 9.739269468108695,
    "volumetric_similarity": 0.5157416241090971
  },
  "topcow_ct_005": {
    "binary_dice": 0.38134554075027327,
    "class_dice": {
      "1": 0.8538334252572872,
      "2": 0.39274279615585517,
      "3": 0.338817794025967,
      "4": 0.042771951470197876,
      "5": 0.0,
      "6": 0.0,
      "7": 0.0,
      "8": 0.0,
      "10": 0.5321100916943019,
      "11": 0.48577844311195445,
      "12": 0.17867778439440932
    },
    "mean_class_dice": 0.2567938441918157,
    "cldice": 0.4674872913242462,
    "hausdorff95": 9.818298570343348,
    "volumetric_similarity": 0.3931987247608927
  },
  "topcow_ct_007": {
    "binary_dice": 0.5269070208724653,
    "class_dice": {
      "1": 0.8299776286307049,
      "2": 0.4963012777370794,
      "3": 0.18181818181600695,
      "4": 0.04188481675365259,
      "5": 0.0,
      "6": 0.0,
      "7": 0.0,
      "8": 0.0,
      "9": 0.0,
      "11": 0.29062870699709,
      "12": 0.16655003498833765
    },
    "mean_class_dice": 0.18246914972026101,
    "cldice": 0.5825095014540157,
    "hausdorff95": 11.948367619450417,
    "volumetric_similarity": 0.5610626185958254
  },
  "topcow_ct_010": {
    "binary_dice": 0.6362515413066547,
    "class_dice": {
      "1": 0.8114086146634959,
      "2": 0.20645161290201497,
      "3": 0.0,
      "4": 0.1698412698405959,
      "6": 0.8247884519640996,
      "7": 0.013059701492415489,
      "8": 0.0,
      "10": 0.7191011235551067,
      "11": 0.6077032810242144,
      "12": 0.6766220391314284
    },
    "mean_class_dice": 0.40289760945733716,
    "cldice": 0.6662751263818384,
    "hausdorff95": 3.4551857715353473,
    "volumetric_similarity": 0.6707768187422934
  },
  "topcow_ct_014": {
    "binary_dice": 0.6022612784052365,
    "class_dice": {
      "1": 0.9220898258393944,
      "2": 0.6152219873085072,
      "3": 0.6743648960661158,
      "4": 0.006289308176034703,
      "5": 0.0,
      "6": 0.0,
      "7": 0.0,
      "10": 0.5333333332977778,
      "11": 0.28719008264166124,
      "12": 0.29844961240020884,
      "13": 0.0
    },
    "mean_class_dice": 0.3033580950663364,
    "cldice": 0.6660007583334684,
    "hausdorff95": 6.6328125,
    "volumetric_similarity": 0.6309190641441844
  },
  "topcow_ct_016": {
    "binary_dice": 0.5995037220839422,
    "class_dice": {
      "1": 0.8372730387090193,
      "2": 0.2610441767042064,
      "3": 0.0,
      "4": 0.024896265559959368,
      "5": 0.010041841004100069,
      "6": 0.0,
      "7": 0.020356234096519456,
      "10": 0.4770642201397189,
      "11": 0.5686839577302177,
      "12": 0.29521829521624937
    },
    "mean_class_dice": 0.24945780291599906,
    "cldice": 0.6068937332212105,
    "hausdorff95": 10.92381345821919,
    "volumetric_similarity": 0.6698333924140376
  },
  "topcow_ct_020": {
    "binary_dice": 0.6970375011181446,
    "class_dice": {
      "1": 0.8717077315171126,
      "2": 0.40375586854080986,
      "3": 0.0,
      "4": 0.05536912751631402,
      "5": 0.0,
      "6": 0.0,
      "7": 0.0,
      "10": 0.6464646463993471,
      "11": 0.6109951287361797,
      "12": 0.4900776531450382
    },
    "mean_class_dice": 0.30783701558548016,
    "cldice": 0.7408086103208606,
    "hausdorff95": 4.77599409849994,
    "volumetric_similarity": 0.7663116441421284
  },
  "topcow_ct_024": {
    "binary_dice": 0.352388663967326,
    "class_dice": {
      "1": 0.8326253185995529,
      "2": 0.03680981595016749,
      "3": 0.1800180017985597,
      "4": 0.0,
      "5": 0.0,
      "6": 0.5797364834139949,
      "7": 0.0026246719159932768,
      "10": 0.149999999990625,
      "11": 0.408279800139841,
      "12": 0.3849104859310428
    },
    "mean_class_dice": 0.2575004577739777,
    "cldice": 0.40271543237431784,
    "hausdorff95": 25.8707232592996,
    "volumetric_similarity": 0.357246963562753
  },
  "topcow_ct_028": {
    "binary_dice": 0.46935253957500983,
    "class_dice": {
      "1": 0.6295907659954922,
      "2": 0.4026622296139546,
      "3": 0.2538975501085312,
      "4": 0.1849624060136469,
      "5": 0.0,
      "6": 0.7816091953998033,
      "7": 0.0,
      "8": 0.0,
      "9": 0.0,
      "10": 0.20618556698905305,
      "11": 0.1110402042111612,
      "12": 0.13874999999913282
    },
    "mean_class_dice": 0.22572482652756462,
    "cldice": 0.520726295470157,
    "hausdorff95": 10.06970222709629,
    "volumetric_similarity": 0.4809062945457273
  },
  "topcow_ct_037": {
    "binary_dice": 0.4325859365064076,
    "class_dice": {
      "1": 0.7755741127328404,
      "2": 0.42888402625632877,
      "3": 0.20404040403937354,
      "4": 0.06271250472209025,
      "5": 0.0,
      "6": 0.0,
      "7": 0.013574660633330604,
      "9": 0.0,
      "10": 0.27160493823807347,
      "11": 0.24201223657293675,
      "12": 0.19130434782539382
    },
    "mean_class_dice": 0.19906429372912432,
    "cldice": 0.4794012924383592,
    "hausdorff95": 9.0,
    "volumetric_similarity": 0.51862840673081
  },
  "topcow_ct_044": {
    "binary_dice": 0.6694051422480835,
    "class_dice": {
      "1": 0.7311072056196186,
      "2": 0.49999999999641837,
      "3": 0.0,
      "4": 0.21293272370860267,
      "5": 0.0,
      "6": 0.8121863799254044,
      "7": 0.0,
      "9": 0.0,
      "10": 0.1395348837155219,
      "11": 0.5389143230834603,
      "12": 0.5202172601054905
    },
    "mean_class_dice": 0.31408116146859244,
    "cldice": 0.718365116669035,
    "hausdorff95": 8.288873414549846,
    "volumetric_similarity": 0.7667731629392971
  },
  "topcow_ct_046": {
    "binary_dice": 0.4796789793183664,
    "class_dice": {
      "1": 0.8609986504607152,
      "2": 0.3161189358322986,
      "3": 0.5815602836741948,
      "4": 0.13550488599260258,
      "5": 0.0,
      "6": 0.0,
      "7": 0.0,
      "9": 0.0,
      "10": 0.48309178741627573,
      "11": 0.40567612687474397,
      "12": 0.38958534232989794,
      "13": 0.0
    },
    "mean_class_dice": 0.2643780010483941,
    "cldice": 0.5194218372737702,
    "hausdorff95": 7.685173488727578,
    "volumetric_similarity": 0.4901738862022842
  },
  "topcow_ct_059": {
    "binary_dice": 0.5619691641868747,
    "class_dice": {
      "1": 0.8158929976364442,
      "2": 0.28047921070979226,
      "3": 0.0,
      "4": 0.11957411957362993,
      "5": 0.0,
      "6": 0.0,
      "7": 0.0033167495853788,
      "8": 0.0,
      "10": 0.0,
      "11": 0.4203778677448705,
      "12": 0.23429381199700383
    },
    "mean_class_dice": 0.1703577052042836,
    "cldice": 0.636043743295502,
    "hausdorff95": 5.70596269301292,
    "volumetric_similarity": 0.5931295645117662
  },
  "topcow_ct_061": {
    "binary_dice": 0.6149259293761158,
    "class_dice": {
      "1": 0.7647058823479431,
      "2": 0.4150943396177465,
      "3": 0.5377643504477566,
      "4": 0.2508143322455146,
      "5": 0.0,
      "6": 0.7669104204718149,
      "7": 0.0,
      "8": 0.0,
      "9": 0.0,
      "10": 0.24175824173167493,
      "11": 0.25645295586797295,
      "12": 0.35976789168046575
    },
    "mean_class_dice": 0.29943903453424076,
    "cldice": 0.6633261425614915,
    "hausdorff95": 7.59533997847292,
    "volumetric_similarity": 0.6283424951085437
  },
  "topcow_ct_065": {
    "binary_dice": 0.5639963167584231,
    "class_dice": {
      "1": 0.8819345661388199,
      "2": 0.30869971936100377,
      "3": 0.0,
      "4": 0.12448132780036032,