{
  "average_metrics": {
    "binary_dice": 0.6339036521206397,
    "mean_class_dice": 0.2983735674360928,
    "cldice": 0.6850136066083127,
    "hausdorff95": 7.722238076188005,
    "volumetric_similarity": 0.6593996400619386
  },
  "topcow_ct_002": {
    "binary_dice": 0.5872304528915552,
    "class_dice": {
      "1": 0.8146410136048117,
      "2": 0.2526439482946378,
      "3": 0.19965177016715235,
      "4": 0.10047846889904077,
      "5": 0.0,
      "6": 0.5194346289737355,
      "7": 0.0,
      "8": 0.0,
      "10": 0.0,
      "11": 0.2960969044404573,
      "12": 0.13624220836982973
    },
    "mean_class_dice": 0.21083535843178772,
    "cldice": 0.7013593056149366,
    "hausdorff95": 9.423698223154474,
    "volumetric_similarity": 0.6055781093478146
  },
  "topcow_ct_005": {
    "binary_dice": 0.4801871955193984,
    "class_dice": {
      "1": 0.8538334252572872,
      "2": 0.39274279615585517,
      "3": 0.4424271380771982,
      "4": 0.042771951470197876,
      "5": 0.0,
      "6": 0.2904942965775786,
      "7": 0.0,
      "8": 0.0,
      "10": 0.5321100916943019,
      "11": 0.48577844311195445,
      "12": 0.17867778439440932
    },
    "mean_class_dice": 0.2926214478853439,
    "cldice": 0.5808305820859059,
    "hausdorff95": 9.123481519631774,
    "volumetric_similarity": 0.4920019947063562
  },
  "topcow_ct_007": {
    "binary_dice": 0.6445577043910881,
    "class_dice": {
      "1": 0.8299776286307049,
      "2": 0.4963012777370794,
      "3": 0.3042635658885246,
      "4": 0.04188481675365259,
      "5": 0.0,
      "6": 0.5606420927450635,
      "7": 0.0,
      "8": 0.0,
      "9": 0.0,
      "11": 0.29062870699709,
      "12": 0.16655003498833765
    },
    "mean_class_dice": 0.24456801124913205,
    "cldice": 0.6865260536052671,
    "hausdorff95": 11.039642513126363,
    "volumetric_similarity": 0.6763946100677232
  },
  "topcow_ct_010": {
    "binary_dice": 0.7475749083850249,
    "class_dice": {
      "1": 0.8114086146634959,
      "2": 0.20645161290201497,
      "3": 0.28857715430668957,
      "4": 0.1698412698405959,
      "6": 0.6332887445048093,
      "7": 0.022284122562467187,
      "8": 0.0,
      "10": 0.7191011235551067,
      "11": 0.6077032810242144,
      "12": 0.6766220391314284
    },
    "mean_class_dice": 0.41352779624908226,
    "cldice": 0.7839170672362848,
    "hausdorff95": 2.554317155877966,
    "volumetric_similarity": 0.7800172450959258
  },
  "topcow_ct_014": {
    "binary_dice": 0.6916005014618767,
    "class_dice": {
      "1": 0.9220898258393944,
      "2": 0.6152219873085072,
      "3": 0.6293103448208048,
      "4": 0.006289308176034703,
      "5": 0.0,
      "6": 0.5151793928219173,
      "7": 0.0,
      "10": 0.5333333332977778,
      "11": 0.28719008264166124,
      "12": 0.29844961240020884,
      "13": 0.0
    },
    "mean_class_dice": 0.34609671702784606,
    "cldice": 0.7435232484866399,
    "hausdorff95": 5.042667888783378,
    "volumetric_similarity": 0.7223150856665274
  },
  "topcow_ct_016": {
    "binary_dice": 0.6867032168566704,
    "class_dice": {
      "1": 0.8372730387090193,
      "2": 0.2610441767042064,
      "3": 0.4337748344346922,
      "4": 0.024896265559959368,
      "5": 0.010041841004100069,
      "6": 0.49703602370954386,
      "7": 0.025316455695988893,
      "10": 0.4770642201397189,
      "11": 0.5686839577302177,
      "12": 0.29521829521624937
    },
    "mean_class_dice": 0.3430349108903696,
    "cldice": 0.6913556801861692,
    "hausdorff95": 5.647270366969892,
    "volumetric_similarity": 0.7606843252526587
  },
  "topcow_ct_020": {
    "binary_dice": 0.8128376743804427,
    "class_dice": {
      "1": 0.8717077315171126,
      "2": 0.40375586854080986,
      "3": 0.35228331779727606,
      "4": 0.05536912751631402,
      "5": 0.0,
      "6": 0.5891946992844405,
      "7": 0.0,
      "10": 0.6464646463993471,
      "11": 0.6109951287361797,
      "12": 0.4900776531450382
    },
    "mean_class_dice": 0.4019848172936518,
    "cldice": 0.8520102492243525,
    "hausdorff95": 2.2184236172480007,
    "volumetric_similarity": 0.8884767357471172
  },
  "topcow_ct_024": {
    "binary_dice": 0.42532115771519474,
    "class_dice": {
      "1": 0.8326253185995529,
      "2": 0.03680981595016749,
      "3": 0.2317460317441925,
      "4": 0.0,
      "5": 0.0,
      "6": 0.48628048780302485,
      "7": 0.0026246719159932768,
      "10": 0.149999999990625,
      "11": 0.408279800139841,
      "12": 0.3849104859310428
    },
    "mean_class_dice": 0.253327661207444,
    "cldice": 0.4878436225526847,
    "hausdorff95": 14.101881395376974,
    "volumetric_similarity": 0.42996440179538775
  },
  "topcow_ct_028": {
    "binary_dice": 0.5425176118974293,
    "class_dice": {
      "1": 0.6295907659954922,
      "2": 0.4026622296139546,
      "3": 0.34935304990434984,
      "4": 0.1849624060136469,
      "5": 0.002341920374679837,
      "6": 0.66684827022428,
      "7": 0.0,
      "8": 0.0,
      "9": 0.0,
      "10": 0.20618556698905305,
      "11": 0.1110402042111612,
      "12": 0.13874999999913282
    },
    "mean_class_dice": 0.2243112011104792,
    "cldice": 0.5970511671331579,
    "hausdorff95": 5.907898507580528,
    "volumetric_similarity": 0.5591688607414786
  },
  "topcow_ct_037": {
    "binary_dice": 0.5476414355114607,
    "class_dice": {
      "1": 0.7755741127328404,
      "2": 0.42888402625632877,
      "3": 0.25464834276372417,
      "4": 0.06271250472209025,
      "5": 0.0,
      "6": 0.49602488765901137,
      "7": 0.013574660633330604,
      "9": 0.0,
      "10": 0.27160493823807347,
      "11": 0.24201223657293675,
      "12": 0.19130434782539382
    },
    "mean_class_dice": 0.2487581870367027,
    "cldice": 0.6050396998046002,
    "hausdorff95": 8.25,
    "volumetric_similarity": 0.6307005171603197
  },
  "topcow_ct_044": {
    "binary_dice": 0.7510145959410814,
    "class_dice": {
      "1": 0.7311072056196186,
      "2": 0.49999999999641837,
      "3": 0.3273596176782872,
      "4": 0.21293272370860267,
      "5": 0.002214839424117222,
      "6": 0.6463205932668388,
      "7": 0.0,
      "9": 0.0,
      "10": 0.1395348837155219,
      "11": 0.5389143230834603,
      "12": 0.5202172601054905
    },
    "mean_class_dice": 0.3289637678725778,
    "cldice": 0.8026432197423247,
    "hausdorff95": 3.1514390595015405,
    "volumetric_similarity": 0.8457102171591313
  },
  "topcow_ct_046": {
    "binary_dice": 0.5844031423638777,
    "class_dice": {
      "1": 0.8609986504607152,
      "2": 0.3161189358322986,
      "3": 0.4530386740248059,
      "4": 0.13550488599260258,
      "5": 0.0,
      "6": 0.44370370370206036,
      "7": 0.0,
      "9": 0.0,
      "10": 0.48309178741627573,
      "11": 0.40567612687474397,
      "12": 0.38958534232989794,
      "13": 0.0
    },
    "mean_class_dice": 0.29064317555278335,
    "cldice": 0.6294886107770565,
    "hausdorff95": 7.395837047513689,
    "volumetric_similarity": 0.5941751293351216
  },
  "topcow_ct_059": {
    "binary_dice": 0.6853754940708076,
    "class_dice": {
      "1": 0.8158929976364442,
      "2": 0.28047921070979226,
      "3": 0.44592952612122766,
      "4": 0.11957411957362993,
      "5": 0.0,
      "6": 0.5570400822187933,
      "7": 0.0033167495853788,
      "8": 0.0,
      "10": 0.0,
      "11": 0.4203778677448705,
      "12": 0.23429381199700383
    },
    "mean_class_dice": 0.26153676050792185,
    "cldice": 0.7469674586345901,
    "hausdorff95": 4.720209832197193,
    "volumetric_similarity": 0.7151185770750987
  },
  "topcow_ct_061": {
    "binary_dice": 0.6901594573159279,
    "class_dice": {
      "1": 0.7647058823479431,
      "2": 0.4150943396177465,
      "3": 0.472566371677234,
      "4": 0.2508143322455146,
      "5": 0.0,
      "6": 0.6286998875959959,
      "7": 0.0,
      "8": 0.0,
      "9": 0.0,
      "10": 0.24175824173167493,
      "11": 0.25645295586797295,
      "12": 0.35976789168046575
    },
    "mean_class_dice": 0.282488325230379,
    "cldice": 0.7453020572761853,