{
  "average_metrics": {
    "binary_dice": 0.847965060327876,
    "mean_class_dice": 0.6280684971417795,
    "cldice": 0.8762300948720597,
    "hausdorff95": 1.5043805358405402,
    "volumetric_similarity": 0.8855703711771041
  },
  "topcow_ct_002": {
    "binary_dice": 0.8438057988262716,
    "class_dice": {
      "1": 0.8579492003722581,
      "2": 0.7689357622206667,
      "3": 0.8323801143826116,
      "4": 0.8805172898485226,
      "5": 0.757770103597643,
      "6": 0.8825136611991717,
      "7": 0.7328174783762731,
      "8": 0.35460992905286454,
      "11": 0.5068069306915012,
      "12": 0.5204737732638901
    },
    "mean_class_dice": 0.7094774243005403,
    "cldice": 0.8970303788391849,
    "hausdorff95": 0.699951171875,
    "volumetric_similarity": 0.875605815831987
  },
  "topcow_ct_005": {
    "binary_dice": 0.6156704862184317,
    "class_dice": {
      "1": 0.7732256203071367,
      "2": 0.6917599186129616,
      "3": 0.744099953721684,
      "4": 0.5113309926579774,
      "5": 0.788721514095061,
      "6": 0.40099444281895147,
      "7": 0.7258996001744741,
      "8": 0.5278810408823814,
      "10": 0.7058823528719723,
      "11": 0.7251751133056236,
      "12": 0.6849315068461875
    },
    "mean_class_dice": 0.6618092778449465,
    "cldice": 0.7191958170091908,
    "hausdorff95": 7.1824153389557335,
    "volumetric_similarity": 0.647259213378755
  },
  "topcow_ct_007": {
    "binary_dice": 0.8266910420470281,
    "class_dice": {
      "1": 0.9026888604295603,
      "2": 0.7973333333280178,
      "3": 0.8152766952391639,
      "4": 0.906745300402113,
      "5": 0.7636909227249536,
      "6": 0.9053901243840732,
      "7": 0.6927835051498779,
      "8": 0.6614785991960513,
      "9": 0.722222222197145,
      "10": 0.0,
      "11": 0.7252998286651896,
      "12": 0.7306733167036742
    },
    "mean_class_dice": 0.7186318923683183,
    "cldice": 0.8478877324890136,
    "hausdorff95": 1.595913484451308,
    "volumetric_similarity": 0.8447288238878732
  },
  "topcow_ct_010": {
    "binary_dice": 0.9361383081939948,
    "class_dice": {
      "1": 0.7874369040898069,
      "2": 0.7732001664553758,
      "3": 0.9313232830768771,
      "4": 0.925123152707081,
      "5": 0.0,
      "6": 0.9509466437156822,
      "7": 0.913084112145266,
      "8": 0.353107344627781,
      "10": 0.8363636363256198,
      "11": 0.9470729751365394,
      "12": 0.9472789115605983
    },
    "mean_class_dice": 0.7604488299855117,
    "cldice": 0.9544578940095805,
    "hausdorff95": 0.431640625,
    "volumetric_similarity": 0.9984122783805239
  },
  "topcow_ct_014": {
    "binary_dice": 0.8888122142664635,
    "class_dice": {
      "1": 0.8886894075324175,
      "2": 0.0,
      "3": 0.0,
      "4": 0.0,
      "5": 0.0,
      "6": 0.0,
      "7": 0.0,
      "10": 0.6335403726314571,
      "11": 0.023131672597658973,
      "12": 0.04003481288041746,
      "13": 0.5114754098192958
    },
    "mean_class_dice": 0.1906246977692043,
    "cldice": 0.9137133698246492,
    "hausdorff95": 0.75,
    "volumetric_similarity": 0.9450530492538601
  },
  "topcow_ct_016": {
    "binary_dice": 0.8610177090333664,
    "class_dice": {
      "1": 0.8915042294928596,
      "2": 0.850931677012027,
      "3": 0.8421652421604435,
      "4": 0.9456521739083713,
      "5": 0.5089340727017319,
      "6": 0.7450592885338683,
      "7": 0.7538767395596268,
      "10": 0.11764705880968859,
      "11": 0.7902494331020962,
      "12": 0.8138739618914809
    },
    "mean_class_dice": 0.7259893877172194,
    "cldice": 0.865939432819657,
    "hausdorff95": 1.8824234556566304,
    "volumetric_similarity": 0.9485541358439812
  },
  "topcow_ct_020": {
    "binary_dice": 0.9127906976738015,
    "class_dice": {
      "1": 0.9131403117999415,
      "2": 0.8845500848821346,
      "3": 0.8126801152679203,
      "4": 0.9238369699426767,
      "5": 0.772009029336659,
      "6": 0.9314312011001775,
      "7": 0.7195121951170765,
      "10": 0.5979381442682539,
      "11": 0.8653366583487199,
      "12": 0.8328267477140363
    },
    "mean_class_dice": 0.8253261457777595,
    "cldice": 0.9384466167438332,
    "hausdorff95": 0.4609375,
    "volumetric_similarity": 0.9318550567874526
  },
  "topcow_ct_024": {
    "binary_dice": 0.7397126261077714,
    "class_dice": {
      "1": 0.8365217391231607,
      "2": 0.0,
      "3": 0.0,
      "4": 0.0,
      "5": 0.0,
      "6": 0.0,
      "7": 0.0,
      "10": 0.7266187050098338,
      "11": 0.08749999999950285,
      "12": 0.09297052154142307
    },
    "mean_class_dice": 0.17436109656739204,
    "cldice": 0.7893462421381349,
    "hausdorff95": 3.78572896240582,
    "volumetric_similarity": 0.7595230816264139
  },
  "topcow_ct_028": {
    "binary_dice": 0.7685074982142535,
    "class_dice": {
      "1": 0.600451467261846,
      "2": 0.0028964518464670787,
      "3": 0.004576659038866692,
      "4": 0.0,
      "5": 0.15080346106210876,
      "6": 0.0,
      "7": 0.0,
      "8": 0.0,
      "9": 0.0,
      "10": 0.7453416148605377,
      "11": 0.0,
      "12": 0.0
    },
    "mean_class_dice": 0.12533913783915218,
    "cldice": 0.8119186699727869,
    "hausdorff95": 1.3483001179844285,
    "volumetric_similarity": 0.7950487979052606
  },
  "topcow_ct_037": {
    "binary_dice": 0.8207064700283003,
    "class_dice": {
      "1": 0.8312982805860172,
      "2": 0.8543046357590178,
      "3": 0.7727532913543997,
      "4": 0.8595194085007867,
      "5": 0.8457568807315202,
      "6": 0.8606152677537778,
      "7": 0.6583407671692313,
      "9": 0.2767295597310233,
      "10": 0.8571428570816326,
      "11": 0.6528803545032411,
      "12": 0.7320158102747509
    },
    "mean_class_dice": 0.7455779194041271,
    "cldice": 0.8495267552478697,
    "hausdorff95": 2.300758037871024,
    "volumetric_similarity": 0.9608111322549953
  },
  "topcow_ct_044": {
    "binary_dice": 0.8995568685371125,
    "class_dice": {
      "1": 0.8834278512861788,
      "2": 0.9142053445786624,
      "3": 0.85790884717732,
      "4": 0.8733587462902441,
      "5": 0.837095790110817,
      "6": 0.8547979797952816,
      "7": 0.8654205607395756,
      "9": 0.49411764702975774,
      "10": 0.7262872628529461,
      "11": 0.9070512820440141,
      "12": 0.9412887828117361
    },
    "mean_class_dice": 0.8322690995196848,
    "cldice": 0.916393840172615,
    "hausdorff95": 0.75,
    "volumetric_similarity": 0.9977843426883308
  },
  "topcow_ct_046": {
    "binary_dice": 0.9027626713067197,
    "class_dice": {
      "1": 0.895960832302375,
      "2": 0.9433962264052055,
      "3": 0.8576271186295318,
      "4": 0.9447698744730345,
      "5": 0.9181636726455273,
      "6": 0.9511844938946477,
      "7": 0.8875432525874781,
      "9": 0.8030888030732994,
      "10": 0.798479087422111,
      "11": 0.6529680365247111,
      "12": 0.8674863387918889,
      "13": 0.4729981377937989
    },
    "mean_class_dice": 0.8328054895453008,
    "cldice": 0.9028612940877124,
    "hausdorff95": 0.431640625,
    "volumetric_similarity": 0.935972735842216
  },
  "topcow_ct_059": {
    "binary_dice": 0.9034802406891757,
    "class_dice": {
      "1": 0.9485261768546039,
      "2": 0.9262482821762426,
      "3": 0.928202182648316,
      "4": 0.9485559566765601,
      "5": 0.9316770186282797,
      "6": 0.8710947755293487,
      "7": 0.8491761723665012,
      "8": 0.4065934065710663,
      "11": 0.6549134835107577,
      "12": 0.6486486486463112
    },
    "mean_class_dice": 0.8113636103607987,
    "cldice": 0.9072526511907204,
    "hausdorff95": 0.70001220703125,
    "volumetric_similarity": 0.9426736054643031
  },
  "topcow_ct_061": {
    "binary_dice": 0.814866760167668,
    "class_dice": {
      "1": 0.8334448160479369,
      "2": 0.6529411764641868,
      "3": 0.6754530477703835,
      "4": 0.4408602150503775,
      "5": 0.0,
      "6": 0.7256392536256889,
      "7": 0.31733594514870384,
      "8": 0.35820895519714857,
      "9": 0.22222222219977555,
      "10": 0.7164179103942971,
      "11": 0.20677671589742158,